id,type,status,payment_status,payment_type,commission_paid,check_info,discount,deposit,tip,refund,commission_actual,event_id,created_at
1,On Premise Contract,,Paid In Full,Unknown,,,0.00,,,,,134,2018-01-28T21:29:21.000Z
2,On Premise Contract,,Paid In Full,Unknown,,,500.00,,,,,177,2018-01-28T21:30:37.000Z
3,On Premise Contract,,Paid In Full,Unknown,,,0.00,,,,,178,2018-01-28T21:30:37.000Z
4,On Premise Contract,,Paid In Full,Unknown,,,0.00,,,,,47,2018-01-28T21:30:37.000Z
5,On Premise Contract,,Paid In Full,Unknown,,,0.00,,,,,111,2018-01-28T21:30:37.000Z
6,On Premise Contract,,Paid In Full,Unknown,,,0.00,,,,,52,2018-01-28T21:30:37.000Z
7,On Premise Contract,,Paid In Full,Unknown,,,0.00,,,,,113,2018-01-28T21:30:37.000Z
8,On Premise Contract,,Paid In Full,Unknown,,,0.00,,,,,23,2018-01-28T21:30:37.000Z
9,On Premise Contract,,Paid In Full,Unknown,,,0.00,,,,,49,2018-01-28T21:30:37.000Z
10,On Premise Contract,,Paid In Full,Unknown,,,800.00,,,,,61,2018-01-28T21:30:37.000Z
11,On Premise Contract,,Paid In Full,Unknown,,,0.00,,,,,57,2018-01-28T21:30:37.000Z
12,On Premise Contract,,Paid In Full,Unknown,,,0.00,,,,,136,2018-01-28T21:30:37.000Z
13,On Premise Contract,,Paid In Full,Unknown,,,800.00,,,,,97,2018-01-28T21:30:37.000Z
14,On Premise Contract,,Paid In Full,Unknown,,,450.00,,,,,143,2018-01-28T21:30:37.000Z
15,On Premise Contract,,Paid In Full,Unknown,,,150.00,,,,,81,2018-01-28T21:30:37.000Z
16,On Premise Contract,,Paid In Full,Unknown,,,100.00,,,,,109,2018-01-28T21:30:37.000Z
17,On Premise Contract,,Paid In Full,Unknown,,,0.00,,,,,40,2018-01-28T21:30:37.000Z
18,On Premise Contract,,Paid In Full,Unknown,,,0.00,,,,,244,2018-01-28T21:30:37.000Z
19,On Premise Contract,,Paid In Full,Unknown,,,0.00,,,,,100,2018-01-28T21:30:37.000Z
20,On Premise Contract,,Paid In Full,Unknown,,,0.00,,,,,231,2018-01-28T21:30:37.000Z
21,On Premise Contract,,Paid In Full,Unknown,,,0.00,,,,,157,2018-01-28T21:30:37.000Z
22,On Premise Contract,,Paid In Full,Unknown,,,250.00,,,,,127,2018-01-28T21:30:37.000Z
23,On Premise Contract,,Paid In Full,Unknown,,,0.00,,,,,214,2018-01-28T21:30:37.000Z
24,On Premise Contract,,Paid In Full,Cash,,,500.00,,,,,15,2018-01-28T21:30:37.000Z
25,On Premise Contract,,Paid In Full,Unknown,,,0.00,,,,,7,2018-01-28T21:30:37.000Z
26,On Premise Contract,,Paid In Full,Unknown,,,0.00,,,,,133,2018-01-28T21:30:37.000Z
27,On Premise Contract,,Paid In Full,Unknown,,,300.00,,,,,105,2018-01-28T21:30:37.000Z
28,On Premise Contract,,Paid In Full,Unknown,,,0.00,,,,,146,2018-01-28T21:30:37.000Z
29,On Premise Contract,,Paid In Full,Unknown,,,0.00,,,,,70,2018-01-28T21:30:37.000Z
30,On Premise Contract,,Paid In Full,Unknown,,,100.00,,,,,14,2018-01-28T21:30:37.000Z
31,On Premise Contract,,Paid In Full,Unknown,,,0.00,,,,,126,2018-01-28T21:30:37.000Z
32,On Premise Contract,,Paid In Full,Unknown,,,0.00,,,,,152,2018-01-28T21:30:37.000Z
33,On Premise Contract,,Paid In Full,Unknown,,,0.00,,,,,89,2018-01-28T21:30:37.000Z
34,On Premise Contract,,Paid In Full,Unknown,,,0.00,,,,,36,2018-01-28T21:30:37.000Z
35,On Premise Contract,,Paid In Full,Unknown,,,900.00,,,,,199,2018-01-28T21:30:37.000Z
36,On Premise Contract,,Paid In Full,Unknown,,,0.00,,,,,42,2018-01-28T21:30:37.000Z
37,On Premise Contract,,Paid In Full,Check,,,900.00,,,,,108,2018-01-28T21:30:37.000Z
38,On Premise Contract,,Paid In Full,Unknown,,,0.00,,,,,208,2018-01-28T21:30:37.000Z
39,On Premise Contract,,Paid In Full,Unknown,,,2000.00,,,,,9,2018-01-28T21:30:37.000Z
40,On Premise Contract,,Paid In Full,Unknown,,,100.00,,,,,59,2018-01-28T21:30:37.000Z
41,On Premise Contract,,Paid In Full,Unknown,,,0.00,,,,,95,2018-01-28T21:30:37.000Z
42,On Premise Contract,,Paid In Full,Unknown,,,0.00,,,,,161,2018-01-28T21:30:37.000Z
43,On Premise Contract,,Paid In Full,Unknown,,,0.00,,,,,192,2018-01-28T21:30:37.000Z
44,On Premise Contract,,Paid In Full,Unknown,,,600.00,,,,,155,2018-01-28T21:30:37.000Z
45,On Premise Contract,,Paid In Full,Unknown,,,1300.00,,,,,194,2018-01-28T21:30:37.000Z
46,On Premise Contract,,Paid In Full,Unknown,,,0.00,,,,,20,2018-01-28T21:30:37.000Z
47,On Premise Contract,,Paid In Full,Unknown,,,0.00,,,,,123,2018-01-28T21:30:37.000Z
48,On Premise Contract,,Paid In Full,Unknown,,,0.00,,,,,213,2018-01-28T21:30:37.000Z
49,On Premise Contract,,Paid In Full,Unknown,,,1300.00,,,,,125,2018-01-28T21:30:37.000Z
50,On Premise Contract,,Paid In Full,Unknown,,,0.00,,,,,148,2018-01-28T21:30:37.000Z
51,On Premise Contract,,Paid In Full,Unknown,,,0.00,,,,,86,2018-01-28T21:30:37.000Z
52,On Premise Contract,,Paid In Full,Unknown,,,0.00,,,,,172,2018-01-28T21:30:37.000Z
53,On Premise Contract,,Paid In Full,Unknown,,,0.00,,,,,103,2018-01-28T21:30:37.000Z
54,On Premise Contract,,Paid In Full,Unknown,,,0.00,,,,,92,2018-01-28T21:30:37.000Z
55,On Premise Contract,,Paid In Full,Unknown,,,0.00,,,,,160,2018-01-28T21:30:37.000Z
56,On Premise Contract,,Paid In Full,Unknown,,,200.00,,,,,180,2018-01-28T21:30:37.000Z
57,On Premise Contract,,Paid In Full,Unknown,,,0.00,,,,,240,2018-01-28T21:30:37.000Z
58,On Premise Contract,,Paid In Full,Unknown,,,900.00,,,,,243,2018-01-28T21:30:37.000Z
59,On Premise Contract,,Paid In Full,Unknown,,,0.00,,,,,24,2018-01-28T21:30:37.000Z
60,On Premise Contract,,Paid In Full,Unknown,,,0.00,,,,,110,2018-01-28T21:30:37.000Z
61,On Premise Contract,,Paid In Full,Unknown,,,0.00,,,,,196,2018-01-28T21:30:37.000Z
62,On Premise Contract,,Paid In Full,Unknown,,,0.00,,,,,64,2018-01-28T21:30:37.000Z
63,On Premise Contract,,Paid In Full,Unknown,,,0.00,,,,,76,2018-01-28T21:30:37.000Z
64,On Premise Contract,,Paid In Full,Unknown,,,0.00,,,,,38,2018-01-28T21:30:37.000Z
65,On Premise Contract,,Paid In Full,Unknown,,,100.00,,,,,218,2018-01-28T21:30:37.000Z
66,On Premise Contract,,Paid In Full,Unknown,,,0.00,,,,,124,2018-01-28T21:30:37.000Z
67,On Premise Contract,,Paid In Full,Unknown,,,0.00,,,,,245,2018-01-28T21:30:37.000Z
68,On Premise Contract,,Paid In Full,Unknown,,,0.00,,,,,78,2018-01-28T21:30:37.000Z
69,On Premise Contract,,Paid In Full,Unknown,,,1000.00,,,,,220,2018-01-28T21:30:37.000Z
70,On Premise Contract,,Paid In Full,Check,,,300.00,,,,,33,2018-01-28T21:30:37.000Z
71,On Premise Contract,,Paid In Full,Unknown,,,0.00,,,,,187,2018-01-28T21:30:37.000Z
72,On Premise Contract,,Paid In Full,Unknown,,,0.00,,,,,13,2018-01-28T21:30:37.000Z
73,On Premise Contract,,Paid In Full,Unknown,,,0.00,,,,,73,2018-01-28T21:30:37.000Z
74,On Premise Contract,,Paid In Full,Unknown,,,700.00,,,,,19,2018-01-28T21:30:37.000Z
75,On Premise Contract,,Paid In Full,Unknown,,,0.00,,,,,188,2018-01-28T21:30:37.000Z
76,On Premise Contract,,Paid In Full,Unknown,,,0.00,,,,,21,2018-01-28T21:30:37.000Z
77,On Premise Contract,,Paid In Full,Unknown,,,0.00,,,,,11,2018-01-28T21:30:37.000Z
78,On Premise Contract,,Paid In Full,Unknown,,,300.00,,,,,63,2018-01-28T21:30:37.000Z
79,On Premise Contract,,Paid In Full,Unknown,,,0.00,,,,,216,2018-01-28T21:30:37.000Z
80,On Premise Contract,,Paid In Full,Unknown,,,400.00,,,,,217,2018-01-28T21:30:37.000Z
81,On Premise Contract,,Paid In Full,Unknown,,,,,,,,173,2018-01-28T21:30:37.000Z
82,On Premise Contract,,Paid In Full,Unknown,,,800.00,,,,,170,2018-01-28T21:30:37.000Z
83,On Premise Contract,,Paid In Full,Unknown,,,0.00,,,,,204,2018-01-28T21:30:37.000Z
84,On Premise Contract,,Paid In Full,Unknown,,,0.00,,,,,225,2018-01-28T21:30:37.000Z
85,On Premise Contract,,Paid In Full,Check,,,0.00,,,,900.00,120,2018-01-28T21:30:37.000Z
86,On Premise Contract,,Paid In Full,Unknown,,,0.00,,,,,195,2018-01-28T21:30:37.000Z
87,On Premise Contract,,Paid In Full,Unknown,,,0.00,,,,,94,2018-01-28T21:30:37.000Z
88,On Premise Contract,,Paid In Full,Unknown,,,0.00,,,,,185,2018-01-28T21:30:37.000Z
89,On Premise Contract,,Paid In Full,Unknown,,,0.00,,,,,191,2018-01-28T21:30:37.000Z
90,On Premise Contract,,Paid In Full,Unknown,,,0.00,,,,,55,2018-01-28T21:30:37.000Z
91,On Premise Contract,,Paid In Full,Unknown,,,300.00,,,,,56,2018-01-28T21:30:37.000Z
92,On Premise Contract,,Paid In Full,Unknown,,,0.00,,,,,248,2018-01-28T21:30:37.000Z
93,On Premise Contract,,Paid In Full,Unknown,,,0.00,,,,,74,2018-01-28T21:30:37.000Z
94,On Premise Contract,,Paid In Full,Unknown,,,0.00,,,,,186,2018-01-28T21:30:37.000Z
95,On Premise Contract,,Paid In Full,Unknown,,,0.00,,,,,30,2018-01-28T21:30:37.000Z
96,On Premise Contract,,Paid In Full,Unknown,,,0.00,,,,,132,2018-01-28T21:30:37.000Z
97,On Premise Contract,,Paid In Full,Unknown,,,0.00,,,,,141,2018-01-28T21:30:37.000Z
98,On Premise Contract,,Paid In Full,Unknown,,,0.00,,,,,158,2018-01-28T21:30:37.000Z
99,On Premise Contract,,Paid In Full,Unknown,,,200.00,,,,,190,2018-01-28T21:30:37.000Z
100,On Premise Contract,,Paid In Full,Unknown,,,1300.00,,,,,206,2018-01-28T21:30:37.000Z
101,On Premise Contract,,Paid In Full,Unknown,,,0.00,,,,,162,2018-01-28T21:30:37.000Z
102,On Premise Contract,,Paid In Full,Unknown,,,0.00,,,,,69,2018-01-28T21:30:37.000Z
103,On Premise Contract,,Paid In Full,Unknown,,,0.00,,,,,44,2018-01-28T21:30:37.000Z
104,On Premise Contract,,Paid In Full,Unknown,,,0.00,,,,,53,2018-01-28T21:30:37.000Z
105,On Premise Contract,,Paid In Full,Unknown,,,0.00,,,,,128,2018-01-28T21:30:37.000Z
106,On Premise Contract,,Paid In Full,Unknown,,,0.00,,,,,228,2018-01-28T21:30:37.000Z
107,On Premise Contract,,Paid In Full,Unknown,,,0.00,,,,,101,2018-01-28T21:30:37.000Z
108,On Premise Contract,,Paid In Full,Unknown,,,0.00,,,,,17,2018-01-28T21:30:37.000Z
109,On Premise Contract,,Paid In Full,Unknown,,,0.00,,,,,169,2018-01-28T21:30:37.000Z
110,On Premise Contract,,Paid In Full,Unknown,,,500.00,,,,,164,2018-01-28T21:30:37.000Z
111,On Premise Contract,,Paid In Full,Unknown,,,0.00,,,,,6,2018-01-28T21:30:37.000Z
112,On Premise Contract,,Paid In Full,Unknown,,,0.00,,,,,66,2018-01-28T21:30:37.000Z
113,On Premise Contract,,Paid In Full,Unknown,,,300.00,,,,,167,2018-01-28T21:30:37.000Z
114,On Premise Contract,,Paid In Full,Unknown,,,0.00,,,,,215,2018-01-28T21:30:37.000Z
115,On Premise Contract,,Paid In Full,Unknown,,,900.00,,,,,98,2018-01-28T21:30:37.000Z
116,On Premise Contract,,Paid In Full,Unknown,,,0.00,,,,,135,2018-01-28T21:30:37.000Z
117,On Premise Contract,,Paid In Full,Unknown,,,0.00,,,,,131,2018-01-28T21:30:37.000Z
118,On Premise Contract,,Paid In Full,Unknown,,,100.00,,,,,87,2018-01-28T21:30:37.000Z
119,On Premise Contract,,Paid In Full,Unknown,,,0.00,,,,,165,2018-01-28T21:30:37.000Z
120,On Premise Contract,,Paid In Full,Unknown,,,0.00,,,,,201,2018-01-28T21:30:37.000Z
121,On Premise Contract,,Paid In Full,Unknown,,,0.00,,,,,116,2018-01-28T21:30:37.000Z
122,On Premise Contract,,Paid In Full,Unknown,,,1300.00,,,,,25,2018-01-28T21:30:37.000Z
123,On Premise Contract,,Paid In Full,Unknown,,,0.00,,,,,118,2018-01-28T21:30:37.000Z
124,On Premise Contract,,Paid In Full,Unknown,,,0.00,,,,,232,2018-01-28T21:30:37.000Z
125,On Premise Contract,,Paid In Full,Unknown,,,0.00,,,,,223,2018-01-28T21:30:37.000Z
126,On Premise Contract,,Paid In Full,Unknown,,,0.00,,,,,153,2018-01-28T21:30:37.000Z
127,On Premise Contract,,Paid In Full,Unknown,,,0.00,,,,,16,2018-01-28T21:30:37.000Z
128,On Premise Contract,,Paid In Full,Unknown,,,0.00,,,,,122,2018-01-28T21:30:37.000Z
129,On Premise Contract,,Paid In Full,Unknown,,,0.00,,,,,147,2018-01-28T21:30:37.000Z
130,On Premise Contract,,Paid In Full,Unknown,,,1300.00,,,,,237,2018-01-28T21:30:37.000Z
131,On Premise Contract,,Paid In Full,Unknown,,,1300.00,,,,,197,2018-01-28T21:30:37.000Z
132,On Premise Contract,,Paid In Full,Unknown,,,0.00,,,,,230,2018-01-28T21:30:37.000Z
133,On Premise Contract,,Paid In Full,Unknown,,,0.00,,,,,5,2018-01-28T21:30:37.000Z
134,On Premise Contract,,Paid In Full,Unknown,,,0.00,,,,,154,2018-01-28T21:30:37.000Z
135,On Premise Contract,,Paid In Full,Cash,,,0.00,,,,,106,2018-01-28T21:30:37.000Z
136,On Premise Contract,,Paid In Full,Unknown,,,800.00,,,,,156,2018-01-28T21:30:37.000Z
137,On Premise Contract,,Paid In Full,Unknown,,,0.00,,,,,227,2018-01-28T21:30:37.000Z
138,On Premise Contract,,Paid In Full,Unknown,,,0.00,,,,,189,2018-01-28T21:30:37.000Z
139,On Premise Contract,,Paid In Full,Unknown,,,0.00,,,,,130,2018-01-28T21:30:37.000Z
140,On Premise Contract,,Paid In Full,Unknown,,,0.00,,,,,88,2018-01-28T21:30:37.000Z
141,On Premise Contract,,Paid In Full,Unknown,,,150.00,,,,,219,2018-01-28T21:30:37.000Z
142,On Premise Contract,,Paid In Full,Unknown,,,300.00,,,,,58,2018-01-28T21:30:37.000Z
143,On Premise Contract,,Paid In Full,Unknown,,,0.00,,,,,210,2018-01-28T21:30:37.000Z
144,On Premise Contract,,Paid In Full,Unknown,,,250.00,,,,,75,2018-01-28T21:30:37.000Z
145,On Premise Contract,,Paid In Full,Unknown,,,0.00,,,,,140,2018-01-28T21:30:37.000Z
146,On Premise Contract,,Paid In Full,Unknown,,,0.00,,,,,226,2018-01-28T21:30:37.000Z
147,On Premise Contract,,Paid In Full,Unknown,,,0.00,,,,,193,2018-01-28T21:30:37.000Z
148,On Premise Contract,,Paid In Full,Unknown,,,700.00,,,,,150,2018-01-28T21:30:37.000Z
149,On Premise Contract,,Paid In Full,Unknown,,,0.00,,,,,91,2018-01-28T21:30:37.000Z
150,On Premise Contract,,Paid In Full,Unknown,,,0.00,,,,,4,2018-01-28T21:30:37.000Z
151,On Premise Contract,,Paid In Full,Unknown,,,0.00,,,,,10,2018-01-28T21:30:37.000Z
152,On Premise Contract,,Paid In Full,Unknown,,,0.00,,,,,139,2018-01-28T21:30:37.000Z
153,On Premise Contract,,Paid In Full,Unknown,,,0.00,,,,,32,2018-01-28T21:30:37.000Z
154,On Premise Contract,,Paid In Full,Unknown,,,0.00,,,,,142,2018-01-28T21:30:37.000Z
155,On Premise Contract,,Paid In Full,Unknown,,,0.00,,,,,82,2018-01-28T21:30:37.000Z
156,On Premise Contract,,Paid In Full,Unknown,,,0.00,,,,,43,2018-01-28T21:30:37.000Z
157,On Premise Contract,,Paid In Full,Unknown,,,0.00,,,,,212,2018-01-28T21:30:37.000Z
158,On Premise Contract,,Paid In Full,Check,,,,,,,,205,2018-01-28T21:30:37.000Z
159,On Premise Contract,,Paid In Full,Unknown,,,0.00,,,,,79,2018-01-28T21:30:37.000Z
160,On Premise Contract,,Paid In Full,Unknown,,,0.00,,,,,41,2018-01-28T21:30:37.000Z
161,On Premise Contract,,Paid In Full,Unknown,,,0.00,,,,,65,2018-01-28T21:30:37.000Z
162,On Premise Contract,,Paid In Full,Unknown,,,1800.00,,,,,72,2018-01-28T21:30:37.000Z
163,On Premise Contract,,Paid In Full,Unknown,,,0.00,,,,,138,2018-01-28T21:30:37.000Z
164,On Premise Contract,,Paid In Full,Unknown,,,0.00,,,,,117,2018-01-28T21:30:37.000Z
165,On Premise Contract,,Paid In Full,Unknown,,,0.00,,,,,235,2018-01-28T21:30:37.000Z
166,On Premise Contract,,Paid In Full,Unknown,,,0.00,,,,,144,2018-01-28T21:30:37.000Z
167,On Premise Contract,,Paid In Full,Unknown,,,100.00,,,,,174,2018-01-28T21:30:37.000Z
168,On Premise Contract,,Paid In Full,Unknown,,,0.00,,,,,27,2018-01-28T21:30:37.000Z
169,On Premise Contract,,Paid In Full,Unknown,,,0.00,,,,450.00,198,2018-01-28T21:30:37.000Z
170,On Premise Contract,,Paid In Full,Unknown,,,300.00,,,,,182,2018-01-28T21:30:37.000Z
171,On Premise Contract,,Paid In Full,Unknown,,,1000.00,,,,,3,2018-01-28T21:30:37.000Z
172,On Premise Contract,,Paid In Full,Unknown,,,0.00,,,,,224,2018-01-28T21:30:37.000Z
173,On Premise Contract,,Paid In Full,Unknown,,,0.00,,,,,26,2018-01-28T21:30:37.000Z
174,On Premise Contract,,Paid In Full,Unknown,,,0.00,,,,,163,2018-01-28T21:30:37.000Z
175,On Premise Contract,,Paid In Full,Check,,,0.00,,,,,181,2018-01-28T21:30:37.000Z
176,On Premise Contract,,Paid In Full,Unknown,,,0.00,,,,,129,2018-01-28T21:30:37.000Z
177,On Premise Contract,,Paid In Full,Unknown,,,400.00,,,,,45,2018-01-28T21:30:37.000Z
178,On Premise Contract,,Paid In Full,Unknown,,,0.00,,,,,67,2018-01-28T21:30:37.000Z
179,On Premise Contract,,Paid In Full,Unknown,,,1000.00,,,,,184,2018-01-28T21:30:37.000Z
180,On Premise Contract,,Paid In Full,Unknown,,,0.00,,,,,221,2018-01-28T21:30:37.000Z
181,On Premise Contract,,Paid In Full,Unknown,,,100.00,,,,,229,2018-01-28T21:30:37.000Z
182,On Premise Contract,,Paid In Full,Unknown,,,0.00,,,,,2,2018-01-28T21:30:37.000Z
183,On Premise Contract,,Paid In Full,Unknown,,,0.00,,,,,209,2018-01-28T21:30:37.000Z
184,On Premise Contract,,Paid In Full,Unknown,,,0.00,,,,,99,2018-01-28T21:30:37.000Z
185,On Premise Contract,,Paid In Full,Unknown,,,0.00,,,,,62,2018-01-28T21:30:37.000Z
186,On Premise Contract,,Paid In Full,Unknown,,,0.00,,,,,236,2018-01-28T21:30:37.000Z
187,On Premise Contract,,Paid In Full,Unknown,,,0.00,,,,,112,2018-01-28T21:30:37.000Z
188,On Premise Contract,,Paid In Full,Unknown,,,0.00,,,,,80,2018-01-28T21:30:37.000Z
189,On Premise Contract,,Paid In Full,Unknown,,,0.00,,,,,35,2018-01-28T21:30:37.000Z
190,On Premise Contract,,Paid In Full,Unknown,,,1400.00,,,,,247,2018-01-28T21:30:37.000Z
191,On Premise Contract,,Paid In Full,Unknown,,,300.00,,,,,104,2018-01-28T21:30:37.000Z
192,On Premise Contract,,Paid In Full,Unknown,,,0.00,,,,,176,2018-01-28T21:30:37.000Z
193,On Premise Contract,,Paid In Full,Unknown,,,0.00,,,,,234,2018-01-28T21:30:37.000Z
194,On Premise Contract,,Paid In Full,Unknown,,,0.00,,,,,12,2018-01-28T21:30:37.000Z
195,On Premise Contract,,Paid In Full,Unknown,,,0.00,,,,,175,2018-01-28T21:30:37.000Z
196,On Premise Contract,,Paid In Full,Unknown,,,0.00,,,,,159,2018-01-28T21:30:37.000Z
197,On Premise Contract,,Paid In Full,Unknown,,,0.00,,,,,246,2018-01-28T21:30:37.000Z
198,On Premise Contract,,Paid In Full,Unknown,,,0.00,,,,,114,2018-01-28T21:30:37.000Z
199,On Premise Contract,,Paid In Full,Unknown,,,0.00,,,,,50,2018-01-28T21:30:37.000Z
200,On Premise Contract,,Paid In Full,Unknown,,,0.00,,,,,31,2018-01-28T21:30:37.000Z
201,On Premise Contract,,Paid In Full,Unknown,,,0.00,,,,,207,2018-01-28T21:30:37.000Z
202,On Premise Contract,,Paid In Full,Unknown,,,0.00,,,,,18,2018-01-28T21:30:37.000Z
203,On Premise Contract,,Paid In Full,Unknown,,,0.00,,,,,90,2018-01-28T21:30:37.000Z
204,On Premise Contract,,Paid In Full,Unknown,,,0.00,,,,,85,2018-01-28T21:30:37.000Z
205,On Premise Contract,,Paid In Full,Unknown,,,0.00,,,,,48,2018-01-28T21:30:37.000Z
206,On Premise Contract,,Paid In Full,Unknown,,,1000.00,,,,,233,2018-01-28T21:30:37.000Z
207,On Premise Contract,,Paid In Full,Unknown,,,0.00,,,,,149,2018-01-28T21:30:37.000Z
208,On Premise Contract,,Paid In Full,Unknown,,,0.00,,,,,239,2018-01-28T21:30:37.000Z
209,On Premise Contract,,Paid In Full,Unknown,,,0.00,,,,,68,2018-01-28T21:30:37.000Z
210,On Premise Contract,,Paid In Full,Unknown,,,0.00,,,,,39,2018-01-28T21:30:37.000Z
211,On Premise Contract,,Paid In Full,Unknown,,,0.00,,,,,60,2018-01-28T21:30:37.000Z
212,On Premise Contract,,Paid In Full,Unknown,,,0.00,,,,,179,2018-01-28T21:30:37.000Z
213,On Premise Contract,,Paid In Full,Unknown,,,0.00,,,,,71,2018-01-28T21:30:37.000Z
214,On Premise Contract,,Paid In Full,Unknown,,,0.00,,,,,46,2018-01-28T21:30:37.000Z
215,On Premise Contract,,Paid In Full,Unknown,,,0.00,,,,,222,2018-01-28T21:30:37.000Z
216,On Premise Contract,,Paid In Full,Unknown,,,0.00,,,,,93,2018-01-28T21:30:37.000Z
217,On Premise Contract,,Paid In Full,Unknown,,,0.00,,,,,29,2018-01-28T21:30:37.000Z
218,On Premise Contract,,Paid In Full,Unknown,,,0.00,,,,,171,2018-01-28T21:30:37.000Z
219,On Premise Contract,,Paid In Full,Unknown,,,2200.00,,,,,77,2018-01-28T21:30:37.000Z
220,On Premise Contract,,Paid In Full,Unknown,,,1500.00,,,,,202,2018-01-28T21:30:37.000Z
221,On Premise Contract,,Paid In Full,Unknown,,,0.00,,,,,119,2018-01-28T21:30:37.000Z
222,On Premise Contract,,Paid In Full,Unknown,,,700.00,,,,,121,2018-01-28T21:30:37.000Z
223,On Premise Contract,,Paid In Full,Unknown,,,0.00,,,,,37,2018-01-28T21:30:37.000Z
224,On Premise Contract,,Paid In Full,Unknown,,,0.00,,,,,96,2018-01-28T21:30:37.000Z
225,On Premise Contract,,Paid In Full,Unknown,,,0.00,,,,,102,2018-01-28T21:30:37.000Z
226,On Premise Contract,,Paid In Full,Unknown,,,300.00,,,,,211,2018-01-28T21:30:37.000Z
227,On Premise Contract,,Paid In Full,Unknown,,,0.00,,,,,166,2018-01-28T21:30:37.000Z
228,On Premise Contract,,Paid In Full,Unknown,,,100.00,,,,,145,2018-01-28T21:30:37.000Z
229,On Premise Contract,,Paid In Full,Unknown,,,0.00,,,,,115,2018-01-28T21:30:37.000Z
230,On Premise Contract,,Paid In Full,Unknown,,,1300.00,,,,,22,2018-01-28T21:30:37.000Z
231,On Premise Contract,,Paid In Full,Unknown,,,1200.00,,,,,151,2018-01-28T21:30:37.000Z
232,On Premise Contract,,Paid In Full,Unknown,,,0.00,,,,,34,2018-01-28T21:30:37.000Z
233,On Premise Contract,,Paid In Full,Unknown,,,800.00,,,,,54,2018-01-28T21:30:37.000Z
234,On Premise Contract,,Paid In Full,Unknown,,,800.00,,,,,168,2018-01-28T21:30:37.000Z
235,On Premise Contract,,Paid In Full,Unknown,,,200.00,,,,,137,2018-01-28T21:30:37.000Z
236,On Premise Contract,,Paid In Full,Unknown,,,0.00,,,,,183,2018-01-28T21:30:37.000Z
237,On Premise Contract,,Paid In Full,Unknown,,,0.00,,,,,238,2018-01-28T21:30:37.000Z
238,On Premise Contract,,Paid In Full,Unknown,,,0.00,,,,,83,2018-01-28T21:30:37.000Z
239,On Premise Contract,,Paid In Full,Unknown,,,0.00,,,,,84,2018-01-28T21:30:37.000Z
240,On Premise Contract,,Paid In Full,Unknown,,,1500.00,,,,,203,2018-01-28T21:30:37.000Z
241,On Premise Contract,,Paid In Full,Unknown,,,100.00,,,,,200,2018-01-28T21:30:37.000Z
242,On Premise Contract,,Paid In Full,Unknown,,,0.00,,,,,242,2018-01-28T21:30:37.000Z
243,On Premise Contract,,Paid In Full,Unknown,,,0.00,,,,,28,2018-01-28T21:30:37.000Z
244,On Premise Contract,,Paid In Full,Unknown,,,0.00,,,,,51,2018-01-28T21:30:37.000Z
245,On Premise Contract,,Paid In Full,Unknown,,,1000.00,,,,,241,2018-01-28T21:30:37.000Z
246,On Premise Contract,,Paid In Full,Unknown,,,0.00,,,,,107,2018-01-28T21:30:37.000Z
247,On Premise Contract,,Paid In Full,Unknown,,,200.00,,,,,8,2018-01-28T21:30:37.000Z
248,On Premise Contract,,Paid In Full,Unknown,,,0.00,,,,,1,2018-01-28T21:30:37.000Z
249,On Premise Contract,,Paid In Full,Check,,,,,,,,355,2018-02-13T16:23:08.000Z
250,On Premise Contract,,Paid In Full,Check,,,,,,,,356,2018-02-13T16:44:31.000Z
251,On Premise Contract,,Paid In Full,Cash,,,300.00,,,,,357,2018-02-19T18:01:10.000Z
252,On Premise Contract,,Paid In Full,Check,,,250.00,,,,,358,2018-02-19T18:04:34.000Z
253,On Premise Contract,,Paid In Full,Cash,,,,,,,,359,2018-02-19T18:07:32.000Z
254,On Premise Contract,,Paid In Full,Check,,,,,,,,360,2018-02-19T18:19:31.000Z
255,On Premise Contract,,Paid In Full,Check,,,,,,,,361,2018-02-19T20:26:10.000Z
256,On Premise Contract,,Paid In Full,Check,,,,,,,,362,2018-02-19T20:55:07.000Z
257,On Premise Contract,,Paid In Full,Check,,,,,,,,363,2018-02-19T20:58:23.000Z
258,On Premise Contract,,Paid In Full,Check,,,,,,,,364,2018-02-19T21:02:18.000Z
259,On Premise Contract,,Paid In Full,Unknown,,,100.00,,,,,365,2018-02-19T21:05:35.000Z
260,On Premise Contract,,Paid In Full,Cash,,,300.00,,,,,366,2018-02-19T21:11:17.000Z
261,On Premise Contract,,Paid In Full,Cash,,,100.00,,,,,367,2018-02-19T21:14:08.000Z
262,On Premise Contract,,Paid In Full,Cash,,,200.00,,,,,369,2018-02-19T21:17:19.000Z
263,On Premise Contract,,Paid In Full,Check,,,,,,,,370,2018-02-19T21:20:38.000Z
264,On Premise Contract,,Paid In Full,Cash,,,,,,,,371,2018-02-19T21:23:29.000Z
265,On Premise Contract,,Paid In Full,Check,,,,,,,0.00,372,2018-02-19T21:28:52.000Z
266,On Premise Contract,,Paid In Full,Check,,,,,,,,373,2018-02-19T21:39:42.000Z
267,On Premise Contract,,Paid In Full,Cash,,,,,,,,374,2018-02-19T21:42:09.000Z
268,On Premise Contract,,Paid In Full,Cash,,,100.00,,,,,375,2018-02-19T21:45:37.000Z
269,On Premise Contract,,Paid In Full,Deduction from Commissions,,,,,,,-1000.00,376,2018-02-19T21:50:55.000Z
270,On Premise Contract,,Paid In Full,Deduction from Commissions,,,,,,,-900.00,377,2018-02-20T14:31:11.000Z
271,On Premise Contract,,Paid In Full,Cash,,,,,,,,378,2018-02-20T14:38:16.000Z
272,On Premise Contract,,Paid In Full,Check,,,,,,,,379,2018-02-20T14:45:50.000Z
273,On Premise Contract,,Paid In Full,Cash,,,50.00,,,,,380,2018-02-20T14:49:25.000Z
274,On Premise Contract,,Paid In Full,Cash,,,100.00,,,,,381,2018-02-20T14:53:52.000Z
275,On Premise Contract,,Paid In Full,Cash,,,100.00,,,,,382,2018-02-20T14:56:22.000Z
276,On Premise Contract,,Paid In Full,Cash,,,100.00,,,,,383,2018-02-20T15:02:10.000Z
277,On Premise Contract,,Paid In Full,Check,,,,,,,,384,2018-02-20T15:05:28.000Z
278,On Premise Contract,,Paid In Full,Check,,,200.00,,,,600.00,385,2018-02-20T15:08:30.000Z
279,On Premise Contract,,Paid In Full,Check,,,200.00,,,,,386,2018-02-20T15:12:32.000Z
280,On Premise Contract,,Paid In Full,Check,,,,,,,,387,2018-02-20T15:17:06.000Z
281,On Premise Contract,,Paid In Full,Check,,,,,,,,388,2018-02-20T15:22:34.000Z
282,On Premise Contract,,Paid In Full,Cash,,,,,,,,389,2018-02-20T15:26:55.000Z
283,On Premise Contract,,Paid In Full,Check,,,,,,,,390,2018-02-20T15:30:43.000Z
284,On Premise Contract,,Paid In Full,Check,,,,,,,,391,2018-02-20T15:42:54.000Z
285,On Premise Contract,,Paid In Full,Cash,,,,,,,,392,2018-02-20T15:45:32.000Z
286,On Premise Contract,,Paid In Full,Cash,,,100.00,,,,700.00,393,2018-02-20T15:52:43.000Z
287,On Premise Contract,,Paid In Full,Cash,,,,,,,,394,2018-02-20T15:57:20.000Z
288,On Premise Contract,,Paid In Full,Cash,,,,,,,,395,2018-02-20T16:02:34.000Z
289,On Premise Contract,,Paid In Full,Check,,,,,,,,396,2018-02-20T16:12:36.000Z
290,On Premise Contract,,Paid In Full,Cash,,,,,,,,397,2018-02-20T16:15:14.000Z
291,On Premise Contract,,Paid In Full,Cash,,,,,,,,398,2018-02-20T16:18:52.000Z
292,On Premise Contract,,Paid In Full,Cash,,,,,,,,399,2018-02-20T16:46:15.000Z
293,On Premise Contract,,Paid In Full,Cash,,,100.00,,,,,400,2018-02-20T16:48:43.000Z
294,On Premise Contract,,Paid In Full,Check,,,,,,,,401,2018-02-20T16:54:12.000Z
295,On Premise Contract,,Paid In Full,Check,,,,,,,,402,2018-02-20T17:00:39.000Z
296,On Premise Contract,,Paid In Full,Check,,,,,,,,403,2018-02-20T17:13:22.000Z
297,On Premise Contract,,Paid In Full,Check,,,,,,,,404,2018-02-20T17:15:59.000Z
298,On Premise Contract,,Paid In Full,Check,,,,,,,,405,2018-02-20T17:18:37.000Z
299,On Premise Contract,,Paid In Full,Check,,,,,,,,406,2018-02-20T17:21:15.000Z
300,On Premise Contract,,Paid In Full,Check,,,,,,,,407,2018-02-20T17:30:45.000Z
301,On Premise Contract,,Paid In Full,Cash,,,,,,,,408,2018-02-20T17:36:46.000Z
302,On Premise Contract,,Paid In Full,Check,,,,,,,,409,2018-02-20T17:42:58.000Z
303,On Premise Contract,,Paid In Full,Cash,,,200.00,,,,,410,2018-02-20T17:46:14.000Z
304,On Premise Contract,,Paid In Full,Cash,,,100.00,,,,,411,2018-02-20T17:49:19.000Z
305,On Premise Contract,,Paid In Full,Check,,,,,,,,412,2018-02-20T17:52:08.000Z
306,On Premise Contract,,Paid In Full,Check,,,,,,,,413,2018-02-20T17:56:56.000Z
307,On Premise Contract,,Paid In Full,Cash,,,100.00,,,,,414,2018-02-20T18:03:20.000Z
308,On Premise Contract,,Paid In Full,Check,,,,,,,,415,2018-02-20T18:06:21.000Z
309,On Premise Contract,,Paid In Full,Cash,,,,,,,,416,2018-02-20T18:10:05.000Z
310,On Premise Contract,,Paid In Full,Check,,,,,,,,417,2018-02-20T20:40:16.000Z
311,On Premise Contract,,Paid In Full,Cash,,,100.00,,,,,418,2018-02-20T20:45:38.000Z
312,On Premise Contract,,Paid In Full,Cash | Check,,,,,,,,419,2018-02-20T20:50:53.000Z
313,On Premise Contract,,Paid In Full,Check,,,,,,,,420,2018-02-20T20:55:27.000Z
314,On Premise Contract,,Paid In Full,Cash,,,100.00,,,,,421,2018-02-20T20:58:06.000Z
315,On Premise Contract,,Paid In Full,Check,,,,,,,,422,2018-02-20T21:05:04.000Z
316,On Premise Contract,,Paid In Full,Check,,,,,,,,423,2018-02-20T21:09:23.000Z
317,On Premise Contract,,Paid In Full,Check,,,,,,,,424,2018-02-20T21:17:00.000Z
318,On Premise Contract,,Paid In Full,Check,,,,,,,,425,2018-02-20T21:22:00.000Z
319,On Premise Contract,,Paid In Full,Cash,,,100.00,,,,,426,2018-02-20T21:24:59.000Z
320,On Premise Contract,,Paid In Full,Check,,,,750.00,,,,427,2018-02-20T21:29:54.000Z
321,On Premise Contract,,Paid In Full,Cash,,,,,,,,428,2018-02-20T21:34:41.000Z
322,On Premise Contract,,Paid In Full,Check,,,,,,,950.00,429,2018-02-20T21:39:36.000Z
323,On Premise Contract,,Paid In Full,Check,,,,,,,,430,2018-02-20T21:43:18.000Z
324,On Premise Contract,,Paid In Full,Check,,,,,,,,431,2018-02-20T21:49:22.000Z
325,On Premise Contract,,Paid In Full,Check,,,,,,,,432,2018-02-20T21:52:10.000Z
326,On Premise Contract,,Paid In Full,Check,,,,,,,,433,2018-02-20T21:55:33.000Z
327,On Premise Contract,,Paid In Full,Check,,,,,,,,443,2018-02-26T14:39:35.000Z
328,On Premise Contract,,Paid In Full,Check,,,375.00,,,,0.00,444,2018-02-26T15:00:25.000Z
329,On Premise Contract,,Paid In Full,Check,,,,,,,0.00,445,2018-02-26T15:10:30.000Z
330,On Premise Contract,,Paid In Full,Cash,,,,,,,,446,2018-02-26T15:18:51.000Z
331,On Premise Contract,,Paid In Full,Check,,,,,,,800.00,447,2018-02-26T15:23:00.000Z
332,On Premise Contract,,Paid In Full,Cash,,,,,,,450.00,448,2018-02-26T15:51:35.000Z
333,On Premise Contract,,Paid In Full,Cash,,,100.00,,,,700.00,449,2018-02-26T18:24:02.000Z
334,On Premise Contract,,Paid In Full,Check,,,,,,,850.00,450,2018-02-26T18:30:59.000Z
335,On Premise Contract,,Paid In Full,Check,,,,,,,,451,2018-02-26T18:39:01.000Z
336,On Premise Contract,,Paid In Full,Check,,,,,,,600.00,452,2018-02-26T18:47:58.000Z
337,On Premise Contract,,Paid In Full,Check,,,,,,,,453,2018-02-26T19:30:22.000Z
338,On Premise Contract,,Paid In Full,Check,,,,,,,,454,2018-02-26T19:34:33.000Z
339,On Premise Contract,,Outstanding Balance,Cash,,,,1200.00,,,350.00,455,2018-02-26T19:40:42.000Z
340,On Premise Contract,,Paid In Full,Cash,,,,,,,,456,2018-02-26T19:52:22.000Z
341,On Premise Contract,,Paid In Full,Check,,,,,,,,457,2018-02-26T19:55:15.000Z
342,On Premise Contract,,Paid In Full,Check,,,,,,,,458,2018-02-26T19:59:17.000Z
343,On Premise Contract,,Paid In Full,Check,,,90.00,,,,800.00,459,2018-02-26T20:02:47.000Z
344,On Premise Contract,,Paid In Full,Cash,,,,,,,650.00,461,2018-02-26T20:11:32.000Z
345,On Premise Contract,,Paid In Full,Check,,,,,,,,463,2018-02-26T20:15:47.000Z
346,On Premise Contract,,Paid In Full,Cash,,,100.00,,,,750.00,464,2018-02-26T20:23:11.000Z
347,On Premise Contract,,Paid In Full,Cash,,,500.00,,,,,465,2018-02-26T20:26:54.000Z
348,On Premise Contract,,Paid In Full,Check,,,,,,,,466,2018-02-26T20:29:54.000Z
349,On Premise Contract,,Paid In Full,Cash,,,,,,,,467,2018-02-26T20:32:18.000Z
350,On Premise Contract,,Paid In Full,Cash,,,100.00,,,,,468,2018-02-26T20:34:53.000Z
351,On Premise Contract,,Paid In Full,Cash,,,100.00,,,,450.00,469,2018-02-26T20:38:06.000Z
352,On Premise Contract,,Paid In Full,Cash,,,,,,,,470,2018-02-26T20:42:55.000Z
353,On Premise Contract,,Paid In Full,Check,,,200.00,,,,400.00,471,2018-02-26T20:46:17.000Z
354,On Premise Contract,,Paid In Full,Cash,,,,,,,550.00,472,2018-02-26T21:09:29.000Z
355,On Premise Contract,,Paid In Full,Check,,,100.00,,,,700.00,473,2018-02-26T21:13:37.000Z
356,On Premise Contract,,Paid In Full,Check,,,,,,,375.00,474,2018-02-26T21:16:29.000Z
357,On Premise Contract,,Paid In Full,Cash,,,,,,,,475,2018-02-26T21:21:41.000Z
358,On Premise Contract,,Paid In Full,Check,,,,,,,,476,2018-02-27T14:54:06.000Z
359,On Premise Contract,,Paid In Full,Cash,,,100.00,,,,,477,2018-02-27T14:56:21.000Z
360,On Premise Contract,,Paid In Full,Check,,,,,,,,478,2018-02-27T15:00:36.000Z
361,On Premise Contract,,Paid In Full,Check,,,,,,,,479,2018-02-27T15:12:29.000Z
362,On Premise Contract,,Paid In Full,Cash,,,100.00,,,,,480,2018-02-27T15:19:47.000Z
363,On Premise Contract,,Paid In Full,Cash,,,100.00,,,,,481,2018-02-27T15:27:26.000Z
364,On Premise Contract,,Paid In Full,Cash,,,100.00,,,,,482,2018-02-27T15:30:38.000Z
365,On Premise Contract,,Paid In Full,Cash,,,100.00,,,,750.00,483,2018-02-27T15:34:14.000Z
366,On Premise Contract,,Paid In Full,Check,,,,,,,700.00,484,2018-02-27T15:38:48.000Z
367,On Premise Contract,,Paid In Full,Check,,,,,,,800.00,485,2018-02-27T15:41:18.000Z
368,On Premise Contract,,Paid In Full,Cash,,,300.00,,,,,486,2018-02-27T15:45:11.000Z
369,On Premise Contract,,Paid In Full,Check,,,,,,,,487,2018-02-27T15:50:38.000Z
370,On Premise Contract,,Paid In Full,Cash,,,,,,,,488,2018-02-27T15:54:22.000Z
371,On Premise Contract,,Paid In Full,Cash,,,100.00,,,,475.00,489,2018-02-27T16:03:02.000Z
372,On Premise Contract,,Paid In Full,Cash,,,100.00,,,,500.00,490,2018-02-27T16:14:25.000Z
373,On Premise Contract,,Paid In Full,Check,,,,,,,,491,2018-02-27T16:17:45.000Z
374,On Premise Contract,,Paid In Full,Cash,,,200.00,,,,,492,2018-02-27T16:19:38.000Z
375,On Premise Contract,,Paid In Full,Check,,,,,,,800.00,493,2018-02-27T16:29:48.000Z
376,On Premise Contract,,Paid In Full,Check,,,,,,,,494,2018-02-27T16:33:34.000Z
377,On Premise Contract,,Paid In Full,Check,,,,,,,,495,2018-02-27T16:37:27.000Z
378,On Premise Contract,,Paid In Full,Cash,,,100.00,,,,,496,2018-02-27T16:40:16.000Z
379,On Premise Contract,,Paid In Full,Cash,,,,,,,,497,2018-02-27T17:02:35.000Z
380,On Premise Contract,,Paid In Full,Check,,,,,,,,498,2018-02-27T18:23:13.000Z
381,On Premise Contract,,Paid In Full,Check,,,,,,,850.00,500,2018-02-27T18:30:47.000Z
382,On Premise Contract,,Paid In Full,Cash,,,,,,,700.00,501,2018-02-27T18:46:02.000Z
383,On Premise Contract,,Paid In Full,Cash,,,,,,,,502,2018-02-27T18:50:53.000Z
384,On Premise Contract,,Paid In Full,Check,,,,,,,,503,2018-02-27T18:53:01.000Z
385,On Premise Contract,,Paid In Full,Cash,,,,,,,,504,2018-02-27T18:56:57.000Z
386,On Premise Contract,,Paid In Full,Cash,,,,,,,,505,2018-02-27T19:00:35.000Z
387,On Premise Contract,,Paid In Full,Check,,,,,,,,506,2018-02-27T19:06:13.000Z
388,On Premise Contract,,Paid In Full,Check,,,,,,,,507,2018-02-27T19:14:50.000Z
389,On Premise Contract,,Paid In Full,Check,,,,,,,,508,2018-02-27T19:21:37.000Z
390,On Premise Contract,,Paid In Full,Cash,,,,,,,,509,2018-02-27T19:24:06.000Z
391,On Premise Contract,,Paid In Full,Cash,,,,200.00,,,,510,2018-02-27T19:26:58.000Z
392,On Premise Contract,,Paid In Full,Cash,,,100.00,,,,850.00,511,2018-02-27T20:20:44.000Z
393,On Premise Contract,,Paid In Full,Cash,,,,,,,,512,2018-02-27T20:25:09.000Z
394,On Premise Contract,,Paid In Full,Cash,,,,,,,450.00,513,2018-02-27T20:28:25.000Z
395,On Premise Contract,,Paid In Full,Deduction from Commissions,,,,,,,,514,2018-02-27T20:32:18.000Z
396,On Premise Contract,,Paid In Full,Deduction from Commissions,,,,,,,,515,2018-02-27T20:52:28.000Z
397,On Premise Contract,,Paid In Full,Deduction from Commissions,,,,,,,,516,2018-02-27T21:01:37.000Z
398,On Premise Contract,,Paid In Full,Cash,,,,,,,,517,2018-02-27T21:07:30.000Z
399,On Premise Contract,,Paid In Full,Check,,,,,,,,518,2018-02-27T21:10:15.000Z
400,On Premise Contract,,Paid In Full,Cash,,,100.00,,,,,519,2018-02-27T21:12:32.000Z
401,On Premise Contract,,Paid In Full,Check,,,,,,,,520,2018-02-27T21:14:43.000Z
402,On Premise Contract,,Paid In Full,Unknown,,,,,,,250.00,521,2018-02-27T21:18:21.000Z
403,On Premise Contract,,Paid In Full,Check,,,,,,,,522,2018-02-28T14:26:35.000Z
404,On Premise Contract,,Paid In Full,Cash,,,,,,,,523,2018-02-28T14:34:40.000Z
405,On Premise Contract,,Paid In Full,Check,,,,,,,,524,2018-02-28T14:40:21.000Z
406,On Premise Contract,,Paid In Full,Cash,,,,,,,,525,2018-02-28T14:42:04.000Z
407,On Premise Contract,,Paid In Full,Cash,,,,,,,,526,2018-02-28T14:44:06.000Z
408,On Premise Contract,,Paid In Full,Cash,,,100.00,,,,,527,2018-02-28T14:47:48.000Z
409,On Premise Contract,,Paid In Full,Check,,,,,,,550.00,528,2018-02-28T14:53:03.000Z
410,On Premise Contract,,Paid In Full,Cash,,,100.00,,,,750.00,529,2018-02-28T15:21:57.000Z
411,On Premise Contract,,Paid In Full,Check,,,,,,,,530,2018-02-28T15:24:39.000Z
412,On Premise Contract,,Paid In Full,Cash,,,,,,,800.00,531,2018-02-28T15:26:54.000Z
413,On Premise Contract,,Paid In Full,Check,,,,,,,,532,2018-02-28T15:30:22.000Z
414,On Premise Contract,,Paid In Full,Check,,,,,,,,533,2018-02-28T15:33:17.000Z
415,On Premise Contract,,Paid In Full,Check,,,,,,,,534,2018-02-28T15:39:20.000Z
416,On Premise Contract,,Paid In Full,Check,,,,,,,0.00,535,2018-02-28T15:45:27.000Z
417,On Premise Contract,,Paid In Full,Cash,,,,,,,,536,2018-02-28T15:50:05.000Z
418,On Premise Contract,,Paid In Full,Cash,,,,,,,0.00,537,2018-02-28T16:06:33.000Z
419,On Premise Contract,,Paid In Full,Cash,,,,,,,,538,2018-02-28T16:09:51.000Z
420,On Premise Contract,,Paid In Full,Cash,,,100.00,,,,,539,2018-02-28T16:27:25.000Z
421,On Premise Contract,,Paid In Full,Check,,,,,,,,540,2018-02-28T18:08:04.000Z
422,On Premise Contract,,Paid In Full,Check,,,,,,,0.00,541,2018-02-28T18:11:36.000Z
423,On Premise Contract,,Paid In Full,Check,,,,,,,,542,2018-02-28T18:14:56.000Z
424,On Premise Contract,,Paid In Full,Cash,,,100.00,,,,,543,2018-02-28T18:17:28.000Z
425,On Premise Contract,,Paid In Full,Check,,,,,,,,544,2018-02-28T18:27:30.000Z
426,On Premise Contract,,Paid In Full,Check,,,,,,,,545,2018-02-28T18:30:14.000Z
427,On Premise Contract,,Paid In Full,Check,,,,,,,,546,2018-02-28T18:32:27.000Z
428,On Premise Contract,,Paid In Full,Check,,,,,,,0.00,547,2018-02-28T18:36:29.000Z
429,On Premise Contract,,Paid In Full,Cash,,,,,,,,548,2018-02-28T18:39:54.000Z
430,On Premise Contract,,Paid In Full,Check,,,,,,,,549,2018-02-28T18:43:29.000Z
431,On Premise Contract,,Paid In Full,Unknown,,,,,,,,550,2018-02-28T19:09:16.000Z
432,On Premise Contract,,Paid In Full,Unknown,,,,,,,,551,2018-02-28T19:14:04.000Z
433,On Premise Contract,,Paid In Full,Cash,,,100.00,,,,,553,2018-02-28T20:09:42.000Z
434,On Premise Contract,,Paid In Full,Check,,,,,,,,554,2018-02-28T20:13:56.000Z
435,On Premise Contract,,Paid In Full,Cash,,,100.00,,,,,555,2018-02-28T20:22:47.000Z
436,On Premise Contract,,Paid In Full,Check,,,,,,,,556,2018-02-28T20:25:58.000Z
437,On Premise Contract,,Paid In Full,Unknown,,,,,,,,557,2018-02-28T20:31:41.000Z
438,On Premise Contract,,Paid In Full,Unknown,,,,,,,,558,2018-02-28T20:35:11.000Z
439,On Premise Contract,,Paid In Full,Unknown,,,,,,,,559,2018-02-28T20:39:01.000Z
440,On Premise Contract,,Paid In Full,Check,,,,,,,,560,2018-02-28T20:42:40.000Z
441,On Premise Contract,,Paid In Full,Check,,,,,,,,561,2018-02-28T20:46:06.000Z
442,On Premise Contract,,Paid In Full,Unknown,,,,,,,,562,2018-02-28T20:59:02.000Z
443,On Premise Contract,,Paid In Full,Cash,,,,,,,700.00,563,2018-02-28T21:06:28.000Z
444,On Premise Contract,,Paid In Full,Unknown,,,,,,,,564,2018-02-28T21:10:45.000Z
445,On Premise Contract,,Paid In Full,Check,,,,,,,700.00,570,2018-03-05T14:42:34.000Z
446,On Premise Contract,,Paid In Full,Cash,,,100.00,,,,,571,2018-03-05T14:49:19.000Z
447,On Premise Contract,,Paid In Full,Cash,,,,,,,,572,2018-03-05T14:51:24.000Z
448,On Premise Contract,,Paid In Full,Cash,,,,,,,0.00,573,2018-03-05T14:54:16.000Z
449,On Premise Contract,,Paid In Full,Cash,,,,,,,,574,2018-03-05T14:57:04.000Z
450,On Premise Contract,,Paid In Full,Check,,,,,,,900.00,575,2018-03-05T15:00:14.000Z
451,On Premise Contract,,Paid In Full,Cash | Check,,,,,,,700.00,576,2018-03-05T15:03:16.000Z
452,On Premise Contract,,Paid In Full,Unknown,,,,,,,0.00,577,2018-03-05T15:05:58.000Z
453,On Premise Contract,,Paid In Full,Check,,,,,,,,578,2018-03-05T15:11:29.000Z
454,On Premise Contract,,Paid In Full,Check,,,,,,,,579,2018-03-05T15:20:39.000Z
455,On Premise Contract,,Paid In Full,Check,,,,,,,,580,2018-03-05T15:24:09.000Z
456,On Premise Contract,,Paid In Full,Unknown,,,,,,,,581,2018-03-05T15:39:47.000Z
457,On Premise Contract,,Paid In Full,Unknown,,,,,,,,582,2018-03-05T15:46:32.000Z
458,On Premise Contract,,Paid In Full,Check,,,,,,,,583,2018-03-05T15:57:23.000Z
459,On Premise Contract,,Paid In Full,Cash,,,100.00,,,,,584,2018-03-05T17:16:41.000Z
460,On Premise Contract,,Paid In Full,Check,,,,,,,,585,2018-03-05T17:18:28.000Z
461,On Premise Contract,,Paid In Full,Check,,,,,,,,586,2018-03-05T17:47:38.000Z
462,On Premise Contract,,Paid In Full,Deduction from Commissions,,,,,,,,587,2018-03-05T18:36:22.000Z
463,On Premise Contract,,Paid In Full,Check,,,,,,,,588,2018-03-05T18:39:34.000Z
464,On Premise Contract,,Paid In Full,Unknown,,,,,,,,589,2018-03-05T18:43:46.000Z
465,On Premise Contract,,Paid In Full,Check,,,,,,,,590,2018-03-05T18:55:10.000Z
466,On Premise Contract,,Paid In Full,Unknown,,,,,,,,591,2018-03-05T18:56:49.000Z
467,On Premise Contract,,Paid In Full,Unknown,,,100.00,,,,,592,2018-03-05T18:59:47.000Z
468,On Premise Contract,,Paid In Full,Unknown,,,,,,,,593,2018-03-05T19:08:31.000Z
469,On Premise Contract,,Paid In Full,Check,,,,,,,,594,2018-03-05T19:11:19.000Z
470,On Premise Contract,,Paid In Full,Deduction from Commissions,,,,,,,,595,2018-03-05T19:14:42.000Z
471,On Premise Contract,,Paid In Full,Unknown,,,,,,,,596,2018-03-05T19:16:57.000Z
472,On Premise Contract,,Paid In Full,Check,,,,,,,,597,2018-03-05T19:50:58.000Z
473,On Premise Contract,,Paid In Full,Check,,,100.00,,,,,598,2018-03-05T19:54:26.000Z
474,On Premise Contract,,Paid In Full,Unknown,,,,,,,,599,2018-03-05T19:56:53.000Z
475,On Premise Contract,,Paid In Full,Unknown,,,,,,,,600,2018-03-05T19:59:50.000Z
476,On Premise Contract,,Paid In Full,Check,,,,,,,,601,2018-03-05T20:02:28.000Z
477,On Premise Contract,,Paid In Full,Cash,,,,,,,,602,2018-03-05T20:48:02.000Z
478,On Premise Contract,,Paid In Full,Unknown,,,,,,,,603,2018-03-05T21:08:13.000Z
479,On Premise Contract,,Paid In Full,Check,,,,,,,,604,2018-03-05T22:16:42.000Z
480,On Premise Contract,,Paid In Full,Check,,,,,,,,605,2018-03-06T14:39:45.000Z
481,On Premise Contract,,Paid In Full,Check,,,,,,,,606,2018-03-06T14:44:17.000Z
482,On Premise Contract,,Paid In Full,Check,,,,,,,,607,2018-03-06T14:55:22.000Z
483,On Premise Contract,,Paid In Full,Cash,,,,,,,,608,2018-03-06T14:57:27.000Z
484,On Premise Contract,,Paid In Full,Check,,,,,,,,609,2018-03-06T14:59:26.000Z
485,On Premise Contract,,Paid In Full,Check,,,,,,,,610,2018-03-06T15:01:38.000Z
486,On Premise Contract,,Paid In Full,Unknown,,,,,,,,611,2018-03-06T15:03:39.000Z
487,On Premise Contract,,Paid In Full,Check,,,,,,,,612,2018-03-06T15:05:37.000Z
488,On Premise Contract,,Paid In Full,Unknown,,,,,,,,613,2018-03-06T15:08:05.000Z
489,On Premise Contract,,Paid In Full,Check,,,,,,,,614,2018-03-06T17:07:12.000Z
490,On Premise Contract,,Paid In Full,Cash,,,100.00,,,,,615,2018-03-06T17:53:32.000Z
491,On Premise Contract,,Paid In Full,Cash,,,,,,,,616,2018-03-06T17:55:52.000Z
492,On Premise Contract,,Paid In Full,Check | Commission Deduction,,,800.00,,,,-800.00,617,2018-03-06T17:59:23.000Z
493,On Premise Contract,,Paid In Full,Cash,,,,,,,,618,2018-03-06T20:17:05.000Z
494,On Premise Contract,,Paid In Full,Check,,,,,,,450.00,619,2018-03-06T20:21:01.000Z
495,On Premise Contract,,Paid In Full,Cash,,,100.00,,,,,620,2018-03-06T20:24:08.000Z
496,On Premise Contract,,Paid In Full,Cash,,,100.00,,,,,621,2018-03-06T20:27:07.000Z
497,On Premise Contract,,Paid In Full,Cash,,,100.00,,,,,622,2018-03-06T20:29:23.000Z
498,On Premise Contract,,Paid In Full,Check,,,,,,,,623,2018-03-06T20:30:57.000Z
499,On Premise Contract,,Paid In Full,Cash,,,100.00,,,,,624,2018-03-06T20:32:13.000Z
500,On Premise Contract,,Paid In Full,Check,,,,,,,,625,2018-03-06T20:34:18.000Z
501,On Premise Contract,,Paid In Full,Cash,,,100.00,,,,,626,2018-03-06T20:36:30.000Z
502,On Premise Contract,,Paid In Full,Check,,,,,,,,627,2018-03-06T20:37:52.000Z
503,On Premise Contract,,Paid In Full,Check,,,,,,,900.00,628,2018-03-06T20:39:49.000Z
504,On Premise Contract,,Paid In Full,Cash,,,100.00,,,,,629,2018-03-06T20:42:14.000Z
505,On Premise Contract,,Paid In Full,Check,,,,,,,,630,2018-03-06T20:45:26.000Z
506,On Premise Contract,,Paid In Full,Check,,,,,,,550.00,631,2018-03-06T20:51:38.000Z
507,On Premise Contract,,Paid In Full,Cash,,,100.00,,,,,632,2018-03-06T21:02:30.000Z
508,On Premise Contract,,Paid In Full,Cash,,,100.00,,,,800.00,633,2018-03-06T21:04:36.000Z
509,On Premise Contract,,Paid In Full,Cash,,,100.00,,,,,634,2018-03-06T21:09:25.000Z
510,On Premise Contract,,Paid In Full,Check,,,,,,,,635,2018-03-06T21:11:09.000Z
511,On Premise Contract,,Paid In Full,Check,,,,,,,,636,2018-03-06T21:14:22.000Z
512,On Premise Contract,,Paid In Full,Check,,,,,,,,637,2018-03-06T21:16:51.000Z
513,On Premise Contract,,Paid In Full,Check,,,,,,,450.00,638,2018-03-06T21:18:40.000Z
514,On Premise Contract,,Paid In Full,Deduction from Commissions,,,,,,,,639,2018-03-06T21:41:50.000Z
515,On Premise Contract,,Paid In Full,Check,,,,,,,950.00,640,2018-03-06T21:43:58.000Z
516,On Premise Contract,,Paid In Full,Deduction from Commissions,,,,,,,,641,2018-03-06T21:46:42.000Z
517,On Premise Contract,,Paid In Full,Cash,,,100.00,,,,,642,2018-03-06T21:48:47.000Z
518,On Premise Contract,,Paid In Full,Cash,,,100.00,,,,,643,2018-03-06T21:50:07.000Z
519,On Premise Contract,,Paid In Full,Check,,,,,,,100.00,644,2018-03-06T21:51:58.000Z
520,On Premise Contract,,Paid In Full,Check,,,,,,,,645,2018-03-08T14:43:28.000Z
521,On Premise Contract,,Paid In Full,Unknown,,,100.00,,,,,646,2018-03-08T14:46:52.000Z
522,On Premise Contract,,Paid In Full,Check,,,,,,,,647,2018-03-08T14:49:32.000Z
523,On Premise Contract,,Paid In Full,Unknown,,,,,,,,648,2018-03-08T14:57:50.000Z
524,On Premise Contract,,Paid In Full,Check,,,,,,,,649,2018-03-08T15:42:33.000Z
525,On Premise Contract,,Paid In Full,Check,,,,,,,,650,2018-03-08T15:44:19.000Z
526,On Premise Contract,,Paid In Full,Check,,,,,,,,651,2018-03-08T15:46:18.000Z
527,On Premise Contract,,Paid In Full,Unknown,,,,,,,,652,2018-03-08T15:48:49.000Z
528,On Premise Contract,,Paid In Full,Check,,,,,,,,653,2018-03-08T15:51:51.000Z
529,On Premise Contract,,Paid In Full,Cash,,,100.00,,,,,654,2018-03-08T15:56:18.000Z
530,On Premise Contract,,Paid In Full,Check,,,,,,,,655,2018-03-08T16:02:51.000Z
531,On Premise Contract,,Paid In Full,Unknown,,,,,,,,656,2018-03-08T16:10:53.000Z
532,On Premise Contract,,Paid In Full,Unknown,,,,,,,,657,2018-03-08T16:15:40.000Z
533,On Premise Contract,,Paid In Full,Check,,,,,,,,658,2018-03-08T16:27:43.000Z
534,On Premise Contract,,Paid In Full,Check,,,,,,,,659,2018-03-08T16:30:14.000Z
535,On Premise Contract,,Paid In Full,Unknown,,,,,,,,660,2018-03-08T16:31:46.000Z
536,On Premise Contract,,Paid In Full,Cash,,,100.00,,,,,661,2018-03-08T16:33:20.000Z
537,On Premise Contract,,Paid In Full,Unknown,,,,,,,,662,2018-03-08T16:34:42.000Z
538,On Premise Contract,,Paid In Full,Check,,,,,,,,663,2018-03-08T16:36:26.000Z
539,On Premise Contract,,Paid In Full,Check,,,100.00,,,,,664,2018-03-08T16:39:09.000Z
540,On Premise Contract,,Paid In Full,Check,,,,,,,,665,2018-03-08T16:42:03.000Z
541,On Premise Contract,,Paid In Full,Check,,,,,,,,666,2018-03-08T16:48:52.000Z
542,On Premise Contract,,Paid In Full,Cash,,,100.00,,,,,667,2018-03-08T16:50:49.000Z
543,On Premise Contract,,Paid In Full,Cash,,,100.00,,,,,668,2018-03-08T16:53:19.000Z
544,On Premise Contract,,Paid In Full,Cash,,,100.00,,,,,669,2018-03-08T16:55:18.000Z
545,On Premise Contract,,Paid In Full,Check,,,,,,,,670,2018-03-08T16:56:51.000Z
546,On Premise Contract,,Paid In Full,Cash,,,100.00,,,,,671,2018-03-08T16:58:40.000Z
547,On Premise Contract,,Paid In Full,Cash,,,100.00,,,,,672,2018-03-08T17:00:45.000Z
548,On Premise Contract,,Paid In Full,Deduction from Commissions,,,,300.00,,,-2200.00,673,2018-03-08T17:02:50.000Z
549,On Premise Contract,,Paid In Full,Check,,,,,,,,674,2018-03-08T17:07:47.000Z
550,On Premise Contract,,Paid In Full,Check,,,,,,,,675,2018-03-08T17:11:25.000Z
551,On Premise Contract,,Paid In Full,Check,,,,,,,,676,2018-03-08T17:12:55.000Z
552,On Premise Contract,,Paid In Full,Cash,,,100.00,,,,,677,2018-03-08T17:14:19.000Z
553,On Premise Contract,,Paid In Full,Check,,,,,,,,678,2018-03-08T17:15:52.000Z
554,On Premise Contract,,Paid In Full,Cash,,,100.00,,,,,679,2018-03-08T17:19:26.000Z
555,On Premise Contract,,Paid In Full,Check,,,,,,,,680,2018-03-08T17:21:29.000Z
556,On Premise Contract,,Paid In Full,Check,,,,,,,,681,2018-03-08T17:23:00.000Z
557,On Premise Contract,,Paid In Full,Check,,,,,,,,682,2018-03-08T17:26:43.000Z
558,On Premise Contract,,Paid In Full,Check,,,,,,,,683,2018-03-08T17:30:01.000Z
559,On Premise Contract,,Paid In Full,Check,,,,,,,,684,2018-03-08T17:31:38.000Z
560,On Premise Contract,,Paid In Full,Check,,,,,,,,685,2018-03-08T17:33:13.000Z
561,On Premise Contract,,Paid In Full,Check,,,,,,,,686,2018-03-08T17:38:39.000Z
562,On Premise Contract,,Paid In Full,Check,,,,,,,,687,2018-03-08T17:44:36.000Z
563,On Premise Contract,,Paid In Full,Cash,,,100.00,,,,,688,2018-03-08T17:50:19.000Z
564,On Premise Contract,,Paid In Full,Cash,,,100.00,,,,,689,2018-03-08T17:53:14.000Z
565,On Premise Contract,,Paid In Full,Check,,,,,,,,690,2018-03-08T17:56:36.000Z
566,On Premise Contract,,Paid In Full,Unknown,,,,,,,,691,2018-03-08T17:59:01.000Z
567,On Premise Contract,,Paid In Full,Cash,,,100.00,,,,,692,2018-03-08T18:02:29.000Z
568,On Premise Contract,,Paid In Full,Check,,,,,,,,693,2018-03-08T18:04:47.000Z
569,On Premise Contract,,Paid In Full,Deduction from Commissions,,,,,,,,694,2018-03-08T18:07:37.000Z
570,On Premise Contract,,Paid In Full,Cash,,,100.00,,,,,695,2018-03-08T18:09:22.000Z
571,On Premise Contract,,Paid In Full,Check,,,,,,,,696,2018-03-08T18:11:37.000Z
572,On Premise Contract,,Paid In Full,Cash | Check,,,,,,,,697,2018-03-08T18:13:37.000Z
573,On Premise Contract,,Paid In Full,Cash,,,,,,,850.00,698,2018-03-13T15:08:18.000Z
574,On Premise Contract,,Paid In Full,Cash,,,,,,,600.00,699,2018-03-13T15:12:05.000Z
575,On Premise Contract,,Paid In Full,Check,,,,,,,675.00,700,2018-03-13T15:15:37.000Z
576,On Premise Contract,,Paid In Full,Cash,,,,,,,775.00,701,2018-03-13T15:19:41.000Z
577,On Premise Contract,,Paid In Full,Cash,,,100.00,,,,,702,2018-03-13T15:23:16.000Z
578,On Premise Contract,,Paid In Full,Cash,,,,,,,,703,2018-03-13T15:33:11.000Z
579,On Premise Contract,,Paid In Full,Check,,,,,,,,704,2018-03-13T15:39:31.000Z
580,On Premise Contract,,Paid In Full,Check,,,,,,,,705,2018-03-13T15:42:41.000Z
581,On Premise Contract,,Paid In Full,Cash,,,,,,,750.00,706,2018-03-13T15:46:55.000Z
582,On Premise Contract,,Paid In Full,Cash,,,,,,,,707,2018-03-13T15:50:13.000Z
583,On Premise Contract,,Paid In Full,Check,,,,,,,,708,2018-04-02T14:01:59.000Z
584,On Premise Contract,,Paid In Full,Check,,,,,,,,709,2018-04-02T14:05:20.000Z
585,On Premise Contract,,Paid In Full,Check,,,,,,,,710,2018-04-02T14:37:00.000Z
586,On Premise Contract,,Paid In Full,Check,,,100.00,,,,550.00,711,2018-04-02T14:40:39.000Z
587,On Premise Contract,,Paid In Full,Check,,,,,,,,712,2018-04-02T14:54:39.000Z
588,On Premise Contract,,Paid In Full,Check,,,,,,,,713,2018-04-02T15:00:50.000Z
589,On Premise Contract,,Paid In Full,Check,,,,,,,,714,2018-04-02T15:15:41.000Z
590,On Premise Contract,,Paid In Full,Cash,,,100.00,,,,850.00,715,2018-04-09T14:12:37.000Z
591,On Premise Contract,,Paid In Full,Check,,,100.00,,,,,716,2018-04-09T14:32:50.000Z
592,On Premise Contract,,Paid In Full,Cash,,,100.00,,,,,717,2018-04-09T14:37:09.000Z
593,On Premise Contract,,Paid In Full,Cash,,,100.00,,,,600.00,718,2018-04-09T14:43:14.000Z
594,On Premise Contract,,Paid In Full,Cash,,,,,,,,719,2018-04-09T14:48:21.000Z
595,On Premise Contract,,Paid In Full,Check,,,,,,,,720,2018-04-09T14:51:10.000Z
596,On Premise Contract,,Paid In Full,Cash,,,100.00,,,,,721,2018-04-09T15:01:21.000Z
597,On Premise Contract,,Paid In Full,Cash,,,100.00,,,,600.00,722,2018-04-09T15:06:21.000Z
598,On Premise Contract,,Paid In Full,Cash,,,100.00,,,,600.00,723,2018-04-09T15:10:56.000Z
599,On Premise Contract,,Paid In Full,Check,,,,,,,700.00,724,2018-04-09T15:37:06.000Z
600,On Premise Contract,,Paid In Full,Check,,,,,,,,725,2018-04-09T15:40:00.000Z
601,On Premise Contract,,Paid In Full,Check,,,,,,,,726,2018-04-09T16:28:31.000Z
602,On Premise Contract,,Paid In Full,Check,,,,,,,2400.00,727,2018-04-09T16:39:21.000Z
603,On Premise Contract,,Paid In Full,Check,,,,,,,,728,2018-04-10T17:18:50.000Z
604,On Premise Contract,,Paid In Full,Check,,,250.00,,,,,729,2018-04-10T17:29:36.000Z
605,On Premise Contract,,Paid In Full,Check,,,,,,,,730,2018-04-10T17:42:09.000Z
606,On Premise Contract,,Paid In Full,Check,,,,,,,,731,2018-04-10T17:51:59.000Z
607,On Premise Contract,,Paid In Full,Check,,,,,,,,732,2018-04-10T18:09:06.000Z
608,On Premise Contract,,Paid In Full,Check,,,,,,,,733,2018-04-10T18:14:24.000Z
609,On Premise Contract,,Paid In Full,Unknown,,,,,,,0.00,734,2018-04-10T18:36:30.000Z
610,On Premise Contract,,Paid In Full,Cash,,,,,,,700.00,735,2018-04-10T19:08:40.000Z
611,On Premise Contract,,Paid In Full,Cash,,,100.00,,,,,736,2018-04-10T19:18:13.000Z
612,On Premise Contract,,Paid In Full,Cash,,,100.00,,,,,737,2018-04-10T19:50:57.000Z
613,On Premise Contract,,Paid In Full,Check,,,,,,,,738,2018-04-10T19:54:34.000Z
614,On Premise Contract,,Paid In Full,Cash,,,600.00,,,,0.00,739,2018-04-10T19:59:59.000Z
615,On Premise Contract,,Paid In Full,Cash,,,100.00,,,,725.00,740,2018-04-10T20:04:06.000Z
616,On Premise Contract,,Paid In Full,Check,,,,,,,,741,2018-04-10T20:09:55.000Z
617,On Premise Contract,,Paid In Full,Check,,,,,,,,742,2018-04-10T20:13:17.000Z
618,On Premise Contract,,Paid In Full,Cash,,,100.00,,,,,743,2018-04-10T20:15:51.000Z
619,On Premise Contract,,Paid In Full,Check,,,,,,,0.00,744,2018-04-10T20:20:28.000Z
620,On Premise Contract,,Paid In Full,Check,,,,,,,,746,2018-04-10T20:43:38.000Z
621,On Premise Contract,,Paid In Full,Cash,,,,400.00,,,0.00,747,2018-04-10T20:45:51.000Z
622,On Premise Contract,,Paid In Full,Cash,,,100.00,,,,650.00,748,2018-04-10T20:49:29.000Z
623,On Premise Contract,,Paid In Full,Check,,,,,,,,749,2018-04-10T20:52:53.000Z
624,On Premise Contract,,Paid In Full,Check,,,400.00,,,,0.00,750,2018-04-10T20:54:46.000Z
625,On Premise Contract,,Paid In Full,Cash,,,600.00,,,,,751,2018-04-12T15:35:56.000Z
626,On Premise Contract,,Paid In Full,Cash,,,200.00,,,,,752,2018-04-12T15:37:44.000Z
627,On Premise Contract,,Paid In Full,Check,,,,,,,,753,2018-04-12T15:41:53.000Z
628,On Premise Contract,,Paid In Full,Check,,,,,,,,754,2018-04-12T16:13:43.000Z
629,On Premise Contract,,Outstanding Balance,Check,,,,1650.00,,,0.00,755,2018-04-12T16:27:51.000Z
630,On Premise Contract,,Paid In Full,Check,,,200.00,,,,,756,2018-04-12T16:49:45.000Z
631,On Premise Contract,,Paid In Full,Cash,,,,,,,,757,2018-04-12T16:51:25.000Z
632,On Premise Contract,,Paid In Full,Check,,,300.00,,,,,758,2018-04-12T16:54:58.000Z
633,On Premise Contract,,Paid In Full,Check,,,,,,,,759,2018-04-12T16:57:50.000Z
634,On Premise Contract,,Paid In Full,Cash,,,,,,,525.00,760,2018-04-12T16:59:23.000Z
635,On Premise Contract,,Paid In Full,Cash,,,,,,,,761,2018-04-12T17:01:41.000Z
636,On Premise Contract,,Paid In Full,Check,,,300.00,,,,,762,2018-04-12T17:03:50.000Z
637,On Premise Contract,,Paid In Full,Check,,,,,,,,763,2018-04-12T17:06:10.000Z
638,On Premise Contract,,Paid In Full,Cash,,,100.00,,,,,764,2018-04-12T17:09:10.000Z
639,On Premise Contract,,Paid In Full,Check,,,400.00,,,,,765,2018-04-12T17:11:24.000Z
640,On Premise Contract,,Paid In Full,Check,,,300.00,,,,,766,2018-04-12T17:13:32.000Z
641,On Premise Contract,,Paid In Full,Check,,,,,,,,767,2018-04-12T17:15:44.000Z
642,On Premise Contract,,Paid In Full,Cash,,,100.00,,,,,768,2018-04-12T17:19:54.000Z
643,On Premise Contract,,Paid In Full,Cash,,,,,,,450.00,769,2018-04-12T17:21:13.000Z
644,On Premise Contract,,Paid In Full,Cash,,,200.00,,,,,770,2018-04-12T17:22:49.000Z
645,On Premise Contract,,Paid In Full,Cash,,,100.00,,,,,771,2018-04-12T17:24:32.000Z
646,On Premise Contract,,Paid In Full,Check,,,,,,,775.00,772,2018-04-12T17:27:02.000Z
647,On Premise Contract,,Paid In Full,Check,,,,,,,650.00,773,2018-04-12T17:34:35.000Z
648,On Premise Contract,,Paid In Full,Cash | Check,,,,,,,500.00,774,2018-04-12T17:40:29.000Z
649,On Premise Contract,,Paid In Full,Check,,,,,,,,775,2018-04-12T17:44:30.000Z
650,On Premise Contract,,Paid In Full,Cash,,,200.00,,,,,776,2018-04-12T17:48:13.000Z
651,On Premise Contract,,Paid In Full,Check,,,,,,,0.00,777,2018-04-12T19:38:51.000Z
652,On Premise Contract,,Paid In Full,Check,,,300.00,,,,,778,2018-04-12T19:46:01.000Z
653,On Premise Contract,,Paid In Full,Cash,,,350.00,,,,,779,2018-04-12T19:47:36.000Z
654,On Premise Contract,,Paid In Full,Cash,,,100.00,,,,,780,2018-04-12T19:49:48.000Z
655,On Premise Contract,,Paid In Full,Deduction from Commissions,,,700.00,,,,,781,2018-04-12T19:51:51.000Z
656,On Premise Contract,,Paid In Full,Check,,,,,,,600.00,782,2018-04-12T19:53:23.000Z
657,On Premise Contract,,Paid In Full,Cash,,,100.00,,,,,783,2018-04-12T20:01:29.000Z
658,On Premise Contract,,Paid In Full,Check,,,,,,,,784,2018-04-12T20:03:22.000Z
659,On Premise Contract,,Paid In Full,Cash,,,,,,,,785,2018-04-12T20:05:34.000Z
660,On Premise Contract,,Paid In Full,Cash,,,300.00,,,,,786,2018-04-12T20:07:36.000Z
661,On Premise Contract,,Paid In Full,Check,,,200.00,,,,,787,2018-04-12T20:09:10.000Z
662,On Premise Contract,,Paid In Full,Cash,,,,,,,525.00,788,2018-04-12T20:11:45.000Z
663,On Premise Contract,,Paid In Full,Check,,,,,,,,789,2018-04-12T20:19:32.000Z
664,On Premise Contract,,Paid In Full,Cash,,,,,,,,790,2018-04-12T20:24:51.000Z
665,On Premise Contract,,Paid In Full,Cash,,,,,,,550.00,791,2018-04-12T20:26:50.000Z
666,On Premise Contract,,Paid In Full,Check,,,,,,,,792,2018-04-12T20:31:21.000Z
667,On Premise Contract,,Paid In Full,Check,,,,,,,,793,2018-04-12T20:40:25.000Z
668,On Premise Contract,,Paid In Full,Check,,,,,,,525.00,794,2018-04-12T20:43:55.000Z
669,On Premise Contract,,Paid In Full,Cash,,,150.00,,,,,795,2018-04-17T14:29:38.000Z
670,On Premise Contract,,Paid In Full,Check,,,,,,,,796,2018-04-17T14:45:51.000Z
671,On Premise Contract,,Paid In Full,Cash,,,100.00,,,,,797,2018-04-17T14:50:28.000Z
672,On Premise Contract,,Paid In Full,Check,,,,,,,,798,2018-04-17T14:52:44.000Z
673,On Premise Contract,,Paid In Full,Cash,,,100.00,,,,,799,2018-04-17T15:04:59.000Z
674,On Premise Contract,,Paid In Full,Check,,,200.00,,,,600.00,800,2018-04-17T15:15:16.000Z
675,On Premise Contract,,Paid In Full,Check,,,,,,,,801,2018-04-17T20:19:09.000Z
676,On Premise Contract,,Paid In Full,Cash,,,100.00,,,,400.00,802,2018-04-17T20:22:47.000Z
677,On Premise Contract,,Paid In Full,Cash,,,100.00,,,,,803,2018-04-17T20:27:25.000Z
678,On Premise Contract,,Paid In Full,Check,,,,,,,,804,2018-04-17T20:30:45.000Z
679,On Premise Contract,,Paid In Full,Cash | Check,,,500.00,,,,,805,2018-04-17T20:34:17.000Z
680,On Premise Contract,,Paid In Full,Cash,,,100.00,,,,775.00,806,2018-04-17T20:39:55.000Z
681,On Premise Contract,,Paid In Full,Check,,,,,,,500.00,807,2018-04-17T20:41:42.000Z
682,On Premise Contract,,Paid In Full,Cash,,,200.00,,,,,808,2018-04-17T20:43:58.000Z
683,On Premise Contract,,Paid In Full,Check,,,,,,,,809,2018-04-17T20:53:00.000Z
684,On Premise Contract,,Paid In Full,Deduction from Commissions,,,,,,,,810,2018-04-17T20:56:55.000Z
685,On Premise Contract,,Paid In Full,Deduction from Commissions,,,,,,,,811,2018-04-17T21:03:43.000Z
686,On Premise Contract,,Paid In Full,Deduction from Commissions,,,,,,,,812,2018-04-17T21:06:52.000Z
687,On Premise Contract,,Paid In Full,Deduction from Commissions,,,,,,,,813,2018-04-17T21:09:29.000Z
688,On Premise Contract,,Paid In Full,Cash,,,250.00,,,,650.00,814,2018-04-17T21:12:26.000Z
689,On Premise Contract,,Paid In Full,Check,,,,,,,,815,2018-04-17T21:18:33.000Z
690,On Premise Contract,,Paid In Full,Cash,,,,,,,,816,2018-04-17T21:20:16.000Z
691,On Premise Contract,,Paid In Full,Check,,,,,,,525.00,817,2018-04-17T21:22:48.000Z
692,On Premise Contract,,Paid In Full,Check,,,800.00,,,,,818,2018-04-17T21:26:17.000Z
693,On Premise Contract,,Paid In Full,Check,,,,,,,,819,2018-04-17T21:28:53.000Z
694,On Premise Contract,,Paid In Full,Cash,,,,,,,,820,2018-04-17T21:31:39.000Z
695,On Premise Contract,,Paid In Full,Cash,,,,,,,,821,2018-04-17T21:34:13.000Z
696,On Premise Contract,,Paid In Full,Cash,,,,,,,,822,2018-04-17T21:36:51.000Z
697,On Premise Contract,,Paid In Full,Cash,,,100.00,,,,,823,2018-04-17T21:38:27.000Z
698,On Premise Contract,,Paid In Full,Cash,,,100.00,,,,475.00,824,2018-04-17T21:50:27.000Z
699,On Premise Contract,,Paid In Full,Check,,,,,,,,825,2018-04-17T21:55:03.000Z
700,On Premise Contract,,Paid In Full,Cash,,,,,,,,826,2018-04-18T14:13:21.000Z
701,On Premise Contract,,Paid In Full,Check,,,,,,,,827,2018-04-18T14:15:23.000Z
702,On Premise Contract,,Paid In Full,Check,,,,,,,,828,2018-04-18T14:18:01.000Z
703,On Premise Contract,,Paid In Full,Cash,,,200.00,,,,,829,2018-04-18T14:20:20.000Z
704,On Premise Contract,,Paid In Full,Cash,,,100.00,,,,,830,2018-04-18T14:22:04.000Z
705,On Premise Contract,,Paid In Full,Cash,,,,,,,,831,2018-04-18T14:23:29.000Z
706,On Premise Contract,,Paid In Full,Cash,,,,,,,,832,2018-04-18T14:25:40.000Z
707,On Premise Contract,,Paid In Full,Check,,,,,,,,833,2018-04-18T14:27:52.000Z
708,On Premise Contract,,Paid In Full,Cash,,,,,,,,834,2018-04-18T14:37:12.000Z
709,On Premise Contract,,Paid In Full,Unknown,,,,,,,,835,2018-04-18T14:38:51.000Z
710,On Premise Contract,,Paid In Full,Check,,,,,,,,836,2018-04-18T14:41:37.000Z
711,On Premise Contract,,Paid In Full,Cash,,,300.00,,,,,837,2018-04-18T14:43:03.000Z
712,On Premise Contract,,Paid In Full,Cash,,,,,,,,838,2018-04-18T14:44:39.000Z
713,On Premise Contract,,Paid In Full,Cash,,,,,,,475.00,839,2018-04-18T14:49:49.000Z
714,On Premise Contract,,Paid In Full,Check,,,,,,,,840,2018-04-18T15:05:48.000Z
715,On Premise Contract,,Paid In Full,Cash,,,100.00,,,,,841,2018-04-18T15:07:28.000Z
716,On Premise Contract,,Paid In Full,Cash,,,,,,,,842,2018-04-18T15:15:44.000Z
717,On Premise Contract,,Paid In Full,Check,,,,,,,750.00,843,2018-04-18T15:17:39.000Z
718,On Premise Contract,,Paid In Full,Cash,,,,,,,,844,2018-04-18T15:19:50.000Z
719,On Premise Contract,,Paid In Full,Cash,,,,,,,650.00,845,2018-04-18T15:22:33.000Z
720,On Premise Contract,,Paid In Full,Cash,,,,,,,,846,2018-04-18T15:25:04.000Z
721,On Premise Contract,,Paid In Full,Check,,,,,,,,847,2018-04-18T15:27:07.000Z
722,On Premise Contract,,Paid In Full,Check,,,,,,,,848,2018-04-18T15:29:54.000Z
723,On Premise Contract,,Paid In Full,Cash,,,,,,,,849,2018-04-18T15:31:21.000Z
724,On Premise Contract,,Paid In Full,Cash,,,,,,,475.00,850,2018-04-18T15:33:14.000Z
725,On Premise Contract,,Paid In Full,Cash,,,100.00,,,,575.00,851,2018-04-18T15:36:43.000Z
726,On Premise Contract,,Paid In Full,Cash,,,200.00,,,,,852,2018-04-18T15:38:29.000Z
727,On Premise Contract,,Paid In Full,Cash,,,100.00,,,,575.00,853,2018-04-18T15:39:48.000Z
728,On Premise Contract,,Paid In Full,Unknown,,,1000.00,,,,275.00,854,2018-04-18T15:42:37.000Z
729,On Premise Contract,,Paid In Full,Unknown,,,,,,,,855,2018-04-18T15:49:05.000Z
730,On Premise Contract,,Paid In Full,Cash,,,,,,,,856,2018-04-18T15:50:39.000Z
731,On Premise Contract,,Paid In Full,Check,,,,,,,,857,2018-04-18T15:52:37.000Z
732,On Premise Contract,,Paid In Full,Check,,,,,,,,858,2018-04-18T15:53:57.000Z
733,On Premise Contract,,Paid In Full,Check,,,,,,,,859,2018-04-18T18:23:46.000Z
734,On Premise Contract,,Paid In Full,Check,,,,,,,,860,2018-04-18T18:25:44.000Z
735,On Premise Contract,,Paid In Full,Check,,,,,,,775.00,861,2018-04-18T18:28:47.000Z
736,On Premise Contract,,Paid In Full,Check,,,,,,,700.00,862,2018-04-18T18:30:24.000Z
737,On Premise Contract,,Paid In Full,Check,,,300.00,,,,,863,2018-04-18T18:32:30.000Z
738,On Premise Contract,,Paid In Full,Check,,,,,,,0.00,864,2018-04-18T18:36:30.000Z
739,On Premise Contract,,Paid In Full,Check,,,,,,,,865,2018-04-18T18:40:51.000Z
740,On Premise Contract,,Paid In Full,Check,,,,,,,,866,2018-04-18T18:43:49.000Z
741,On Premise Contract,,Paid In Full,Check,,,,,,,525.00,867,2018-04-18T18:45:21.000Z
742,On Premise Contract,,Paid In Full,Check,,,,,,,525.00,868,2018-04-18T18:51:51.000Z
743,On Premise Contract,,Paid In Full,Check,,,,,,,750.00,869,2018-04-18T18:56:26.000Z
744,On Premise Contract,,Paid In Full,Check,,,,,,,650.00,870,2018-04-18T19:00:17.000Z
745,On Premise Contract,,Paid In Full,Check,,,,,,,375.00,871,2018-04-18T19:04:07.000Z
746,On Premise Contract,,Paid In Full,Check,,,,,,,,872,2018-04-18T19:44:39.000Z
747,On Premise Contract,,Paid In Full,Check,,,,,,,,873,2018-04-18T19:47:14.000Z
748,On Premise Contract,,Paid In Full,Check,,,,,,,,874,2018-04-18T19:59:52.000Z
749,On Premise Contract,,Paid In Full,Deduction from Commissions,,,,,,,,875,2018-04-18T20:01:51.000Z
750,On Premise Contract,,Paid In Full,Unknown,,,,,,,,876,2018-04-18T20:04:41.000Z
751,On Premise Contract,,Paid In Full,Check,,,,,,,,877,2018-04-18T20:07:11.000Z
752,On Premise Contract,,Paid In Full,Cash,,,100.00,,,,,878,2018-04-18T20:09:10.000Z
753,On Premise Contract,,Paid In Full,Cash,,,,,,,,879,2018-04-18T20:12:00.000Z
754,On Premise Contract,,Paid In Full,Check,,,,,,,,880,2018-04-18T20:13:41.000Z
755,On Premise Contract,,Paid In Full,Check,,,,,,,,881,2018-04-18T20:16:09.000Z
756,On Premise Contract,,Paid In Full,Cash,,,,,,,,882,2018-04-18T20:19:14.000Z
757,On Premise Contract,,Paid In Full,Check,,,,,,,,883,2018-04-18T20:21:29.000Z
758,On Premise Contract,,Paid In Full,Unknown,,,,,,,,884,2018-04-18T20:25:46.000Z
759,On Premise Contract,,Paid In Full,Check,,,,,,,,885,2018-04-18T20:28:06.000Z
760,On Premise Contract,,Paid In Full,Check,,,,,,,,886,2018-04-18T20:30:51.000Z
761,On Premise Contract,,Paid In Full,Check,,,,,,,,887,2018-04-18T20:33:17.000Z
762,On Premise Contract,,Paid In Full,Check,,,,,,,,888,2018-04-18T20:38:51.000Z
763,On Premise Contract,,Paid In Full,Cash,,,,,,,660.00,889,2018-04-23T14:16:13.000Z
764,On Premise Contract,,Paid In Full,Check,,,,,,,1190.00,890,2018-04-23T15:03:03.000Z
765,On Premise Contract,,Paid In Full,Check,,,,,,,,891,2018-04-23T16:08:35.000Z
766,On Premise Contract,,Paid In Full,Check,,,,,,,,892,2018-04-23T16:14:09.000Z
767,On Premise Contract,,Paid In Full,Check,,,,,,,600.00,893,2018-04-23T16:16:31.000Z
768,On Premise Contract,,Paid In Full,Check,,,,,,,,894,2018-04-23T16:21:07.000Z
769,On Premise Contract,,Paid In Full,Check,,,,,,,1430.00,895,2018-04-23T16:28:54.000Z
770,On Premise Contract,,Paid In Full,Cash,,,,,,,1260.00,896,2018-04-23T16:36:50.000Z
771,On Premise Contract,,Paid In Full,Cash | Check,,,,,,,1350.00,897,2018-04-23T17:25:45.000Z
772,On Premise Contract,,Paid In Full,Unknown,,,700.00,,,,720.00,898,2018-04-23T18:24:10.000Z
773,On Premise Contract,,Paid In Full,Check,,,,,,,1620.00,899,2018-04-23T19:14:38.000Z
774,On Premise Contract,,Paid In Full,Check,,,,,,,280.00,900,2018-04-23T20:42:38.000Z
775,On Premise Contract,,Paid In Full,Check,,,,,,,,901,2018-04-24T13:25:43.000Z
776,On Premise Contract,,Paid In Full,Check,,,,,,,500.00,902,2018-04-24T13:42:53.000Z
777,On Premise Contract,,Paid In Full,Check,,,,,,,600.00,903,2018-04-24T13:45:22.000Z
778,On Premise Contract,,Paid In Full,Check,,,,,,,600.00,904,2018-04-24T13:51:26.000Z
779,On Premise Contract,,Paid In Full,Unknown,,,100.00,,,,,905,2018-04-24T14:09:03.000Z
780,On Premise Contract,,Paid In Full,Unknown,,,,,,,,906,2018-04-24T14:13:54.000Z
781,On Premise Contract,,Paid In Full,Cash,,,,,,,,907,2018-04-24T14:17:21.000Z
782,On Premise Contract,,Paid In Full,Unknown,,,,,,,,908,2018-04-24T14:20:12.000Z
783,On Premise Contract,,Paid In Full,Unknown,,,,,,,,909,2018-04-24T14:22:05.000Z
784,On Premise Contract,,Paid In Full,Unknown,,,,,,,,910,2018-04-24T14:27:29.000Z
785,On Premise Contract,,Paid In Full,Unknown,,,,,,,,911,2018-04-24T15:19:03.000Z
786,On Premise Contract,,Paid In Full,Unknown,,,,,,,,912,2018-04-24T15:25:42.000Z
787,On Premise Contract,,Paid In Full,Unknown,,,,,,,,913,2018-04-24T15:48:39.000Z
788,On Premise Contract,,Paid In Full,Unknown,,,,,,,,914,2018-04-24T18:29:13.000Z
789,On Premise Contract,,Paid In Full,Unknown,,,,,,,,915,2018-04-24T18:33:38.000Z
790,On Premise Contract,,Paid In Full,Unknown,,,,,,,,916,2018-04-24T19:21:55.000Z
791,On Premise Contract,,Paid In Full,Cash,,,100.00,,,,,917,2018-04-24T19:48:05.000Z
792,On Premise Contract,,Paid In Full,Unknown,,,,,,,,918,2018-04-24T19:52:35.000Z
793,On Premise Contract,,Paid In Full,Cash,,,100.00,,,,,919,2018-04-24T19:58:08.000Z
794,On Premise Contract,,Paid In Full,Unknown,,,,,,,,920,2018-04-24T20:05:36.000Z
795,On Premise Contract,,Paid In Full,Cash,,,100.00,,,,,921,2018-04-24T20:09:43.000Z
796,On Premise Contract,,Paid In Full,Unknown,,,,,,,,922,2018-04-24T20:13:25.000Z
797,On Premise Contract,,Paid In Full,Unknown,,,,,,,,923,2018-04-24T20:15:27.000Z
798,On Premise Contract,,Paid In Full,Unknown,,,,,,,,924,2018-04-24T20:21:26.000Z
799,On Premise Contract,,Paid In Full,Unknown,,,,,,,,925,2018-04-24T20:34:02.000Z
800,On Premise Contract,,Paid In Full,Unknown,,,,,,,,926,2018-04-24T20:35:34.000Z
801,On Premise Contract,,Paid In Full,Cash,,,100.00,,,,,927,2018-04-24T20:37:26.000Z
802,On Premise Contract,,Paid In Full,Cash,,,100.00,,,,,928,2018-04-24T20:40:59.000Z
803,On Premise Contract,,Paid In Full,Unknown,,,,,,,,929,2018-04-24T20:48:13.000Z
804,On Premise Contract,,Paid In Full,Unknown,,,,,,,,930,2018-04-24T20:51:27.000Z
805,On Premise Contract,,Paid In Full,Unknown,,,,,,,,931,2018-04-24T20:53:25.000Z
806,On Premise Contract,,Paid In Full,Unknown,,,,,,,,932,2018-04-24T21:01:20.000Z
807,On Premise Contract,,Paid In Full,Unknown,,,,,,,,933,2018-04-24T21:06:18.000Z
808,On Premise Contract,,Paid In Full,Unknown,,,,,,,,934,2018-04-24T21:08:26.000Z
809,On Premise Contract,,Paid In Full,Unknown,,,,,,,,935,2018-04-25T14:08:58.000Z
810,On Premise Contract,,Paid In Full,Unknown,,,,,,,,936,2018-04-25T14:16:40.000Z
811,On Premise Contract,,Paid In Full,Unknown,,,,,,,,937,2018-04-25T14:21:00.000Z
812,On Premise Contract,,Paid In Full,Cash,,,,,,,,938,2018-04-25T14:23:08.000Z
813,On Premise Contract,,Paid In Full,Unknown,,,,,,,,939,2018-04-25T14:35:50.000Z
814,On Premise Contract,,Paid In Full,Unknown,,,,,,,,940,2018-04-25T14:48:17.000Z
815,On Premise Contract,,Paid In Full,Unknown,,,,,,,,941,2018-04-25T15:07:25.000Z
816,On Premise Contract,,Paid In Full,Cash,,,100.00,,,,,942,2018-04-25T15:11:37.000Z
817,On Premise Contract,,Paid In Full,Unknown,,,,,,,,943,2018-04-25T15:13:06.000Z
818,On Premise Contract,,Paid In Full,Unknown,,,,,,,,944,2018-04-25T15:14:56.000Z
819,On Premise Contract,,Paid In Full,Check,,,,,,,,945,2018-04-25T15:17:24.000Z
820,On Premise Contract,,Paid In Full,Unknown,,,,,,,,946,2018-04-25T15:25:31.000Z
821,On Premise Contract,,Paid In Full,Unknown,,,,,,,,947,2018-04-25T15:27:09.000Z
822,On Premise Contract,,Paid In Full,Unknown,,,,,,,,948,2018-04-25T15:30:15.000Z
823,On Premise Contract,,Paid In Full,Unknown,,,,,,,,949,2018-04-25T15:32:47.000Z
824,On Premise Contract,,Paid In Full,Unknown,,,200.00,,,,,950,2018-04-25T15:36:53.000Z
825,On Premise Contract,,Paid In Full,Unknown,,,,,,,,951,2018-04-25T15:38:44.000Z
826,On Premise Contract,,Paid In Full,Unknown,,,,,,,,952,2018-04-25T15:40:04.000Z
827,On Premise Contract,,Paid In Full,Unknown,,,,,,,,953,2018-04-25T15:42:18.000Z
828,On Premise Contract,,Paid In Full,Unknown,,,,,,,,954,2018-04-25T15:44:41.000Z
829,On Premise Contract,,Paid In Full,Cash,,,100.00,,,,,955,2018-04-25T15:46:05.000Z
830,On Premise Contract,,Paid In Full,Unknown,,,,,,,,956,2018-04-25T15:47:59.000Z
831,On Premise Contract,,Paid In Full,Unknown,,,,,,,,957,2018-04-25T15:49:45.000Z
832,On Premise Contract,,Outstanding Balance,Unknown,,,,1300.00,,,,958,2018-04-25T15:51:57.000Z
833,On Premise Contract,,Paid In Full,Cash,,,,,,,,959,2018-04-25T15:54:43.000Z
834,On Premise Contract,,Paid In Full,Unknown,,,,,,,,960,2018-04-25T15:56:39.000Z
835,On Premise Contract,,Paid In Full,Unknown,,,,,,,,961,2018-04-25T15:58:08.000Z
836,On Premise Contract,,Paid In Full,Unknown,,,350.00,,,,,962,2018-04-25T16:00:20.000Z
837,On Premise Contract,,Outstanding Balance,Unknown,,,,200.00,,,,963,2018-04-25T16:02:29.000Z
838,On Premise Contract,,Paid In Full,Unknown,,,,,,,,964,2018-04-25T16:04:48.000Z
839,On Premise Contract,,Paid In Full,Cash,,,250.00,,,,,965,2018-04-25T16:06:29.000Z
840,On Premise Contract,,Paid In Full,Unknown,,,,,,,,966,2018-04-25T16:11:05.000Z
841,On Premise Contract,,Paid In Full,Unknown,,,,,,,,967,2018-04-25T16:25:37.000Z
842,On Premise Contract,,Paid In Full,Unknown,,,,,,,,968,2018-04-25T16:29:25.000Z
843,On Premise Contract,,Outstanding Balance,Unknown,,,,200.00,,,,969,2018-04-25T16:31:40.000Z
844,On Premise Contract,,Paid In Full,Unknown,,,,,,,,970,2018-04-25T16:33:55.000Z
845,On Premise Contract,,Paid In Full,Unknown,,,,,,,,971,2018-04-25T16:35:14.000Z
846,On Premise Contract,,Paid In Full,Unknown,,,,,,,,972,2018-04-25T16:36:57.000Z
847,Production Invoice,,Paid In Full,Unknown,,,800.00,,,,,973,2018-04-25T16:39:16.000Z
848,On Premise Contract,,Paid In Full,Unknown,,,,,,,,974,2018-04-25T18:34:08.000Z
849,On Premise Contract,,Paid In Full,Unknown,,,,,,,,975,2018-04-25T18:53:20.000Z
850,On Premise Contract,,Paid In Full,Unknown,,,,,,,,976,2018-04-25T18:55:04.000Z
851,On Premise Contract,,Paid In Full,Unknown,,,,,,,,977,2018-04-25T19:05:36.000Z
852,On Premise Contract,,Paid In Full,Unknown,,,,,,,,978,2018-04-25T19:15:10.000Z
853,On Premise Contract,,Paid In Full,Unknown,,,,,,,,979,2018-04-25T19:17:39.000Z
854,On Premise Contract,,Paid In Full,Unknown,,,,,,,,980,2018-04-25T19:19:53.000Z
855,On Premise Contract,,Paid In Full,Deduction from Commissions,,,,,,,,981,2018-04-25T19:22:21.000Z
856,On Premise Contract,,Paid In Full,Unknown,,,,,,,,982,2018-04-25T19:25:15.000Z
857,On Premise Contract,,Paid In Full,Cash,,,100.00,,,,,983,2018-04-25T19:28:04.000Z
858,On Premise Contract,,Paid In Full,Unknown,,,,,,,,984,2018-04-25T19:29:57.000Z
859,On Premise Contract,,Paid In Full,Unknown,,,,,,,,985,2018-04-25T19:32:35.000Z
860,On Premise Contract,,Paid In Full,Unknown,,,,,,,,986,2018-04-25T19:34:49.000Z
861,On Premise Contract,,Paid In Full,Check,,,,,,,,987,2018-04-25T20:27:55.000Z
862,On Premise Contract,,Paid In Full,Unknown,,,,,,,,988,2018-04-25T20:33:59.000Z
863,On Premise Contract,,Paid In Full,Unknown,,,,,,,,989,2018-04-25T20:36:19.000Z
864,On Premise Contract,,Paid In Full,Unknown,,,,,,,,990,2018-04-25T20:48:17.000Z
865,Production Invoice,,Paid In Full,Unknown,,,,,,,,991,2018-04-30T13:56:16.000Z
866,On Premise Contract,,Paid In Full,Check,,,,,,,,992,2018-04-30T14:25:05.000Z
867,On Premise Contract,,Paid In Full,Unknown,,,,,,,,993,2018-04-30T14:34:44.000Z
868,On Premise Contract,,Paid In Full,Check,,,,,,,,994,2018-04-30T14:41:00.000Z
869,On Premise Contract,,Paid In Full,Unknown,,,,,,,,995,2018-04-30T15:05:19.000Z
870,On Premise Contract,,Paid In Full,Unknown,,,,,,,,996,2018-04-30T15:16:51.000Z
871,Proposal,,Incomplete / Not finished,,,,100.00,,,,,997,2018-04-30T15:21:15.000Z
872,On Premise Contract,,Paid In Full,Check,,,,,,,,998,2018-05-01T16:03:19.000Z
873,Production Invoice,,Paid In Full,Unknown,,,,,,,,999,2018-05-01T16:25:18.000Z
874,On Premise Contract,,Paid In Full,Check,,,,,,,,1000,2018-05-01T16:30:31.000Z
875,Production Invoice,,Paid In Full,Deduction from Commissions,,,,,,,,1001,2018-05-01T16:54:57.000Z
876,On Premise Contract,,Outstanding Balance,Unknown,,,100.00,1060.00,,,,1002,2018-05-01T18:06:55.000Z
877,On Premise Contract,,Paid In Full,Unknown,,,,,,,,1003,2018-05-01T18:58:58.000Z
878,On Premise Contract,,Paid In Full,Unknown,,,,,,,,1004,2018-05-01T19:01:13.000Z
879,On Premise Contract,,Paid In Full,Check,,,,,,,,1005,2018-05-01T19:04:10.000Z
880,Production Invoice,,Paid In Full,Check,,,,,,,,1006,2018-05-01T19:06:07.000Z
881,On Premise Contract,,Paid In Full,Check,,,,1700.00,,,,1007,2018-05-01T19:13:55.000Z
882,On Premise Contract,,Paid In Full,Check,,,,,,,,1008,2018-05-01T19:16:40.000Z
883,Production Invoice,,Paid In Full,Unknown,,,400.00,,,,,1009,2018-05-01T19:33:16.000Z
884,On Premise Contract,,Full Refund,Unknown,,,,,,,,1010,2018-05-01T19:41:03.000Z
885,On Premise Contract,,Paid In Full,Check,,,,,,,,1011,2018-05-01T19:57:39.000Z
886,Production Invoice,,Paid In Full,Check,,,,,,,,1012,2018-05-01T20:00:43.000Z
887,On Premise Contract,,Paid In Full,Deduction from Commissions,,,,,,,,1013,2018-05-01T20:05:03.000Z
888,On Premise Contract,,Paid In Full,Check,,,,,,,,1014,2018-05-02T15:32:17.000Z
889,On Premise Contract,,Paid In Full,Deduction from Commissions,,,,,,,,1015,2018-05-02T15:50:29.000Z
890,Production Invoice,,Paid In Full,Check,,,,,,,,1016,2018-05-02T15:52:27.000Z
891,Production Invoice,,Paid In Full,Check,,,,,,,,1017,2018-05-02T15:55:05.000Z
892,Production Invoice,,Paid In Full,Check,,,,,,,,1018,2018-05-02T15:58:13.000Z
893,On Premise Contract,,Paid In Full,Cash,,,100.00,,,,,1019,2018-05-02T16:01:56.000Z
894,On Premise Contract,,Paid In Full,Cash,,,100.00,,,,,1020,2018-05-02T16:04:55.000Z
895,On Premise Contract,,Paid In Full,Check,,,100.00,,,,,1021,2018-05-02T16:07:02.000Z
896,Production Invoice,,Paid In Full,Cash,,,100.00,,,,,1022,2018-05-02T16:09:50.000Z
897,Production Invoice,,Paid In Full,Deduction from Commissions,,,,,,,,1023,2018-05-02T16:16:37.000Z
898,On Premise Contract,,Paid In Full,Check,,,,,,,,1024,2018-05-02T16:20:44.000Z
899,On Premise Contract,,Paid In Full,Cash,,,100.00,,,,,1025,2018-05-02T16:22:39.000Z
900,On Premise Contract,,Paid In Full,Unknown,,,100.00,,,,,1026,2018-05-02T16:24:29.000Z
901,On Premise Contract,,Paid In Full,Check,,,,,,,,1027,2018-05-02T16:27:00.000Z
902,On Premise Contract,,Paid In Full,Unknown,,,,,,,,1028,2018-05-02T16:29:22.000Z
903,On Premise Contract,,Paid In Full,Cash,,,100.00,,,,,1029,2018-05-02T17:26:13.000Z
904,On Premise Contract,,Paid In Full,Cash,,,100.00,,,,,1030,2018-05-02T17:29:25.000Z
905,On Premise Contract,,Paid In Full,Unknown,,,200.00,,,,,1031,2018-05-02T17:30:49.000Z
906,On Premise Contract,,Paid In Full,Deduction from Commissions,,,,,,,,1032,2018-05-02T17:55:48.000Z
907,On Premise Contract,,Paid In Full,Check,,,,,,,,1033,2018-05-02T17:57:57.000Z
908,On Premise Contract,,Paid In Full,Unknown,,,100.00,,,,,1034,2018-05-02T17:59:51.000Z
909,On Premise Contract,,Paid In Full,Check,,,100.00,,,,,1035,2018-05-02T18:01:30.000Z
910,On Premise Contract,,Paid In Full,Check,,,,,,,,1036,2018-05-02T18:03:22.000Z
911,On Premise Contract,,Paid In Full,Check,,,,,,,,1037,2018-05-02T18:05:00.000Z
912,On Premise Contract,,Paid In Full,Check,,,,,,,,1038,2018-05-02T18:06:29.000Z
913,On Premise Contract,,Paid In Full,Check,,,100.00,,,,,1039,2018-05-02T18:08:22.000Z
914,On Premise Contract,,Paid In Full,Check,,,,,,,,1040,2018-05-02T18:10:35.000Z
915,On Premise Contract,,Paid In Full,Check,,,,,,,,1041,2018-05-02T18:12:56.000Z
916,On Premise Contract,,Paid In Full,Cash,,,100.00,,,,,1042,2018-05-02T18:14:24.000Z
917,On Premise Contract,,Paid In Full,Check,,,,,,,,1043,2018-05-02T18:18:18.000Z
918,On Premise Contract,,Paid In Full,Cash,,,,,,,,1044,2018-05-02T18:21:36.000Z
919,On Premise Contract,,Paid In Full,Check,,,,,,,,1045,2018-05-02T18:23:25.000Z
920,On Premise Contract,,Paid In Full,Check,,,,,,,,1046,2018-05-02T18:30:57.000Z
921,On Premise Contract,,Paid In Full,Unknown,,,100.00,,,,,1047,2018-05-02T18:35:42.000Z
922,On Premise Contract,,Paid In Full,Cash,,,100.00,,,,,1048,2018-05-02T18:38:02.000Z
923,Production Invoice,,Paid In Full,Check,,,,,,,,1049,2018-05-02T18:41:36.000Z
924,On Premise Contract,,Paid In Full,Cash,,,100.00,,,,,1050,2018-05-02T20:10:31.000Z
925,On Premise Contract,,Paid In Full,Unknown,,,,,,,,1051,2018-05-02T20:12:12.000Z
926,On Premise Contract,,Paid In Full,Cash,,,100.00,,,,,1052,2018-05-02T20:13:32.000Z
927,On Premise Contract,,Partially Refunded,Check,,,,,,600.00,,1053,2018-05-02T20:16:31.000Z
928,Production Invoice,,Paid In Full,Check,,,,,,,,1054,2018-05-02T21:25:29.000Z
929,Production Invoice,,Paid In Full,Unknown,,,,,,,,1055,2018-05-02T21:42:30.000Z
930,On Premise Contract,,Paid In Full,,,,,,,,,1056,2018-05-02T22:03:24.000Z
931,On Premise Contract,,Paid In Full,Check,,,,,,,,1057,2018-05-02T22:05:11.000Z
932,On Premise Contract,,Paid In Full,Check,,,100.00,,,,,1058,2018-05-02T22:06:42.000Z
933,On Premise Contract,,Paid In Full,Cash,,,,,,,,1059,2018-05-02T22:08:21.000Z
934,On Premise Contract,,Paid In Full,Check,,,,,,,,1060,2018-05-02T22:10:14.000Z
935,On Premise Contract,,Paid In Full,Check,,,,,,,,1061,2018-05-03T13:41:52.000Z
936,On Premise Contract,,Paid In Full,Cash,,,100.00,,,,,1062,2018-05-03T13:43:54.000Z
937,On Premise Contract,,Paid In Full,Check,,,,,,,,1063,2018-05-03T13:45:42.000Z
938,On Premise Contract,,Paid In Full,Cash,,,100.00,2050.00,,,,1064,2018-05-03T13:47:49.000Z
939,On Premise Contract,,Paid In Full,Check,,,,,,,,1065,2018-05-03T13:51:54.000Z
940,On Premise Contract,,Paid In Full,Cash,,,100.00,,,,,1066,2018-05-03T13:54:51.000Z
941,On Premise Contract,,Paid In Full,Check,,,,,,,,1067,2018-05-03T13:56:35.000Z
942,On Premise Contract,,Paid In Full,Check,,,,,,,,1068,2018-05-03T14:00:21.000Z
943,On Premise Contract,,Paid In Full,Check,,,,,,,,1069,2018-05-03T14:02:58.000Z
944,On Premise Contract,,Paid In Full,Cash | Check,,,,275.00,,,,1071,2018-05-03T14:06:49.000Z
945,On Premise Contract,,Paid In Full,Cash,,,100.00,,,,,1072,2018-05-03T14:09:11.000Z
946,On Premise Contract,,Paid In Full,Check,,,,,,,,1073,2018-05-03T14:11:51.000Z
947,On Premise Contract,,Paid In Full,Cash,,,100.00,,,,,1074,2018-05-03T14:14:09.000Z
948,On Premise Contract,,Paid In Full,,,,,,,,,1075,2018-05-03T14:15:58.000Z
949,On Premise Contract,,Paid In Full,Cash,,,100.00,,,,,1076,2018-05-03T14:17:25.000Z
950,On Premise Contract,,Paid In Full,Cash,,,100.00,1900.00,,,,1077,2018-05-03T14:19:20.000Z
951,On Premise Contract,,Paid In Full,Check,,,100.00,,,,,1078,2018-05-03T14:21:57.000Z
952,On Premise Contract,,Paid In Full,Check,,,,,,,,1079,2018-05-03T14:26:25.000Z
953,On Premise Contract,,Paid In Full,Unknown,,,,,,,,1080,2018-05-03T14:28:22.000Z
954,On Premise Contract,,Paid In Full,Check,,,100.00,,,,,1081,2018-05-03T14:35:10.000Z
955,On Premise Contract,,Paid In Full,Check,,,,,,,,1082,2018-05-03T14:37:11.000Z
956,On Premise Contract,,Paid In Full,Cash,,,,,,,,1083,2018-05-03T14:38:55.000Z
957,On Premise Contract,,Paid In Full,Check,,,,,,,,1084,2018-05-03T14:41:51.000Z
958,On Premise Contract,,Paid In Full,Unknown,,,,,,,,1085,2018-05-03T14:43:27.000Z
959,On Premise Contract,,Paid In Full,Check,,,,,,,,1086,2018-05-03T14:46:06.000Z
960,On Premise Contract,,Paid In Full,Cash,,,100.00,,,,,1087,2018-05-03T14:53:07.000Z
961,On Premise Contract,,Paid In Full,Check,,,,,,,,1088,2018-05-03T14:58:38.000Z
962,On Premise Contract,,Paid In Full,Check,,,,,,,,1089,2018-05-03T15:01:58.000Z
963,On Premise Contract,,Paid In Full,Check,,,,,,,0.00,1090,2018-05-03T15:05:49.000Z
964,On Premise Contract,Emailed to Client,Not Paid,,,,,,,,,1091,2018-05-03T15:09:01.000Z
965,On Premise Contract,,Paid In Full,Check,,,,,,,,1092,2018-05-03T15:12:12.000Z
966,On Premise Contract,,Paid In Full,Check,,,400.00,,,,0.00,1093,2018-05-03T15:15:02.000Z
967,On Premise Contract,,Paid In Full,Check,,,,,,,,1094,2018-05-03T15:21:40.000Z
968,Production Invoice,,Paid In Full,Check,,,,,150.00,,,1095,2018-05-03T15:29:10.000Z
969,On Premise Contract,,Paid In Full,Unknown,,,,,,,,1096,2018-05-03T16:06:50.000Z
970,On Premise Contract,,Paid In Full,Unknown,,,,,,,,1097,2018-05-03T16:14:08.000Z
971,On Premise Contract,,Paid In Full,Cash,,,100.00,,,,,1098,2018-05-03T16:15:22.000Z
972,On Premise Contract,,Paid In Full,Unknown,,,,,,,,1099,2018-05-03T16:17:28.000Z
973,On Premise Contract,,Paid In Full,Check,,,,,,,,1100,2018-05-03T16:19:44.000Z
974,On Premise Contract,,Paid In Full,Check,,,,,,,,1101,2018-05-03T16:21:10.000Z
975,On Premise Contract,,Paid In Full,Check,,,,,,,,1102,2018-05-03T16:23:15.000Z
976,On Premise Contract,,Paid In Full,Check,,,,,,,,1103,2018-05-03T16:24:52.000Z
977,On Premise Contract,,Paid In Full,Check,,,,,,,,1104,2018-05-03T16:26:33.000Z
978,On Premise Contract,,Paid In Full,Check,,,,,,,,1105,2018-05-03T16:28:28.000Z
979,On Premise Contract,,Paid In Full,Check,,,,,,,,1106,2018-05-03T16:30:23.000Z
980,On Premise Contract,,Paid In Full,Unknown,,,,,,,,1107,2018-05-03T16:32:10.000Z
981,On Premise Contract,,Paid In Full,Check,,,,,,,,1108,2018-05-03T16:33:53.000Z
982,On Premise Contract,,Paid In Full,Check,,,,,,,,1109,2018-05-03T16:36:06.000Z
983,On Premise Contract,,Paid In Full,Cash,,,100.00,,,,,1110,2018-05-03T16:41:45.000Z
984,On Premise Contract,,Paid In Full,Check,,,,,,,,1111,2018-05-03T16:43:41.000Z
985,On Premise Contract,,Paid In Full,Unknown,,,,,,,,1112,2018-05-03T16:45:22.000Z
986,On Premise Contract,,Paid In Full,Cash,,,,,,,,1113,2018-05-03T17:08:35.000Z
987,On Premise Contract,,Paid In Full,Cash,,,100.00,,,,,1114,2018-05-03T19:20:28.000Z
988,On Premise Contract,,Paid In Full,Cash,,,,,,,,1115,2018-05-03T19:22:21.000Z
989,On Premise Contract,,Paid In Full,Cash,,,100.00,,,,,1116,2018-05-03T19:23:56.000Z
990,On Premise Contract,,Paid In Full,Cash,,,,,,,0.00,1117,2018-05-03T19:26:29.000Z
991,On Premise Contract,,Paid In Full,Cash,,,,,,,,1118,2018-05-03T19:30:42.000Z
992,On Premise Contract,,Paid In Full,Check,,,,,,,,1119,2018-05-03T19:33:44.000Z
993,On Premise Contract,,Paid In Full,Cash,,,100.00,,,,,1120,2018-05-03T19:36:34.000Z
994,On Premise Contract,,Paid In Full,Check,,,,,,,,1121,2018-05-03T19:42:50.000Z
995,On Premise Contract,,Paid In Full,Cash,,,100.00,,,,,1122,2018-05-03T19:47:05.000Z
996,On Premise Contract,,Paid In Full,Cash,,,,,,,,1123,2018-05-03T19:51:52.000Z
997,On Premise Contract,,Paid In Full,Check,,,,,,,,1124,2018-05-03T19:53:31.000Z
998,On Premise Contract,,Paid In Full,Cash,,,100.00,,,,,1125,2018-05-03T19:55:29.000Z
999,On Premise Contract,,Paid In Full,Cash,,,100.00,,,,,1126,2018-05-03T19:56:58.000Z
1000,On Premise Contract,,Paid In Full,Check,,,,,,,,1127,2018-05-03T19:59:28.000Z
1001,On Premise Contract,,Paid In Full,Check,,,,,,,,1128,2018-05-03T20:01:51.000Z
1002,On Premise Contract,,Paid In Full,Cash | Check,,,,1200.00,,,,1129,2018-05-03T20:03:37.000Z
1003,On Premise Contract,,Paid In Full,Cash,,,,,,,,1130,2018-05-03T20:05:31.000Z
1004,On Premise Contract,,Paid In Full,Cash,,,100.00,,,,,1131,2018-05-03T20:08:15.000Z
1005,On Premise Contract,,Paid In Full,Check,,,,,,,0.00,1132,2018-05-07T15:40:14.000Z
1006,On Premise Contract,,Paid In Full,Cash,,,,,,,,1254,2018-05-22T18:13:33.000Z
1007,On Premise Contract,,Paid In Full,Cash,,,,,,,,1271,2018-05-22T22:36:09.000Z
1008,On Premise Contract,,Paid In Full,Check,,,,,,,0.00,1264,2018-05-22T23:19:24.000Z
1009,Production Invoice,,Paid In Full,Check,,,,,,,,1276,2018-05-24T17:48:02.000Z
1010,Production Invoice,,Paid In Full,Check,,,,,,,,1184,2018-05-25T16:21:00.000Z
1011,On Premise Contract,,Paid In Full,Unknown,,,100.00,,,,,368,2018-05-25T16:29:47.000Z
1012,On Premise Contract,,Paid In Full,Cash,,,100.00,,,,,1231,2018-05-25T16:31:29.000Z
1013,On Premise Contract,,Paid In Full,Check,,,,,,,,1243,2018-05-25T16:37:24.000Z
1014,On Premise Contract,,Paid In Full,Cash,,,,,,,,1270,2018-05-25T16:39:38.000Z
1015,On Premise Contract,,Paid In Full,Cash,,,100.00,,,,,1236,2018-05-25T16:42:01.000Z
1016,On Premise Contract,Emailed to Client,Not Paid,,,,,,,,,1280,2018-05-29T17:41:49.000Z
1017,On Premise Contract,,Paid In Full,,,,,0.00,,,,1206,2018-05-31T19:47:58.000Z
1018,On Premise Contract,,Paid In Full,Cash,,,100.00,1900.00,,,,1205,2018-05-31T20:44:41.000Z
1019,Production Invoice,,Paid In Full,Check,,,,,,,,1281,2018-05-31T21:14:10.000Z
1020,On Premise Contract,Emailed to Client,Not Paid,,,,,,,,,1279,2018-06-04T17:52:24.000Z
1021,Production Invoice,,Paid In Full,,,,1600.00,,,,,1258,2018-06-04T20:46:39.000Z
1022,Production Invoice,,Paid In Full,Check,,,550.00,,,,,1284,2018-06-04T21:03:52.000Z
1023,Rental Contract,Emailed to Client,Paid In Full,Check,,7/13/2018 BOA #16368,,,,,,1289,2018-06-05T20:22:30.000Z
1024,Production Invoice,,Paid In Full,Check,,6/21,,,,,,552,2018-06-07T15:34:50.000Z
1025,On Premise Contract,,Paid In Full,Check,,Surdyk 5857,,2300.00,,,,1424,2018-06-07T16:03:15.000Z
1026,Production Invoice,,Paid In Full,Deduction from Commissions,,,,,,,,1422,2018-06-08T00:34:26.000Z
1027,On Premise Contract,,Paid In Full,Unknown,,,,,,,,1218,2018-06-11T15:42:01.000Z
1028,Production Invoice,,Paid In Full,Check,,,,5000.00,,,,1419,2018-06-12T17:27:30.000Z
1029,Production Invoice,Emailed to Client,Paid In Full,Check,,DMD Flushing Bank #17721,,,,,,1418,2018-06-18T14:44:31.000Z
1030,Rental Contract,Emailed to Client,Not Paid,,,,,,,,,1429,2018-06-18T15:21:23.000Z
1031,Production Invoice,Emailed to Client,Not Paid,,,,,,,,,1430,2018-06-18T15:33:02.000Z
1032,Production Invoice,,Paid In Full,,,,,,,,,1428,2018-06-20T17:15:38.000Z
1033,Production Invoice,,Paid In Full,Check,,,,,,,,1158,2018-06-20T17:26:57.000Z
1034,On Premise Contract,,Paid In Full,Cash,,,,,,,,1273,2018-06-26T19:57:13.000Z
1035,On Premise Contract,,Paid In Full,Cash,,,,,,,,1436,2018-06-26T20:31:53.000Z
1036,On Premise Contract,Emailed to Client,Not Paid,,,,,,,,,1438,2018-06-26T20:41:40.000Z
1037,Production Invoice,,Paid In Full,Cash,,,,,,,,1212,2018-06-27T14:57:14.000Z
1038,Rental Contract,,Paid In Full,Check,,1244 Capital 6/20/18,,,,,,1445,2018-06-27T16:51:00.000Z
1039,Production Invoice,Emailed to Client,Paid In Full,Check,,7/26/18 #5924,,,,,,1235,2018-06-27T17:08:03.000Z
1040,Production Invoice,,Paid In Full,Check,,6/21 Capital #1077,,,,,,1178,2018-06-27T17:25:43.000Z
1041,Rental Contract,,Paid In Full,Check,,,,,,,,1449,2018-07-06T14:18:27.000Z
1042,Production Invoice,,Paid In Full,Check,,|  EKO's Budget was $2800,1340.00,,,,,1241,2018-07-06T14:28:20.000Z
1043,Production Invoice,Emailed to Client,Not Paid,,,,1250.00,,,,95.00,1450,2018-07-06T15:47:00.000Z
1044,Production Invoice,,Paid In Full,Check,,,,,,,,1451,2018-07-09T18:36:10.000Z
1045,Production Invoice,Emailed to Client,Not Paid,,,,,,,,,1454,2018-07-09T19:29:01.000Z
1046,On Premise Contract,,Paid In Full,Check,,,,,,,,1439,2018-07-23T18:38:20.000Z
1047,On Premise Contract,,Paid In Full,Cash,,,100.00,,,,,1160,2018-07-23T18:40:45.000Z
1048,Production Invoice,,Paid In Full,Check,,Bethpage Federal Credit Union #7435 7/19/18,,,,,,1455,2018-07-23T19:44:04.000Z
1049,Production Invoice,Emailed to Client,Not Paid,,,,,,,,,1468,2018-07-23T20:14:13.000Z
1050,Production Invoice,Emailed to Client,Paid In Full,Check,,,2150.00,,,,,1180,2018-07-23T20:40:35.000Z
1051,Production Invoice,Emailed to Client,Paid In Full,Check,,,2150.00,,,,,1229,2018-07-23T23:09:16.000Z
1052,Production Invoice,Emailed to Client,Paid In Full,Check,,,2150.00,,,,,1183,2018-07-23T23:09:23.000Z
1053,Production Invoice,Emailed to Client,Paid In Full,Check,,,2150.00,,,,,1240,2018-07-23T23:09:30.000Z
1054,Production Invoice,Emailed to Client,Paid In Full,Check,,,2150.00,,,,,1197,2018-07-23T23:09:35.000Z
1055,Production Invoice,Emailed to Client,Paid In Full,Check,,,2150.00,,,,,1219,2018-07-23T23:09:46.000Z
1056,Production Invoice,Emailed to Client,Paid In Full,Check,,,2150.00,,,,,1186,2018-07-23T23:09:54.000Z
1057,Production Invoice,Emailed to Client,Paid In Full,Check,,,2150.00,,,,,1201,2018-07-23T23:09:59.000Z
1058,Production Invoice,Emailed to Client,Paid In Full,Check,,,2150.00,,,,,1228,2018-07-23T23:10:06.000Z
1059,Production Invoice,Emailed to Client,Paid In Full,Check,,,2150.00,,,,,1427,2018-07-23T23:10:29.000Z
1060,Production Invoice,Emailed to Client,Paid In Full,Check,,,2150.00,,,,,1179,2018-07-23T23:10:36.000Z
1061,Production Invoice,Emailed to Client,Paid In Full,Check,,,2150.00,,,,,1227,2018-07-24T01:00:49.000Z
1062,Production Invoice,Emailed to Client,Paid In Full,Check,,,2150.00,,,,,1195,2018-07-24T01:00:58.000Z
1063,Production Invoice,Emailed to Client,Paid In Full,Check,,,2150.00,,,,,1230,2018-07-24T01:01:02.000Z
1064,Production Invoice,Emailed to Client,Paid In Full,Check,,,2150.00,,,,,1238,2018-07-24T01:01:07.000Z
1065,Production Invoice,Emailed to Client,Paid In Full,Check,,,2150.00,,,,,1221,2018-07-24T01:01:14.000Z
1066,Production Invoice,Emailed to Client,Paid In Full,Check,,,2150.00,,,,,1208,2018-07-24T01:01:19.000Z
1067,Rental Contract,Emailed to Client,Paid In Full,Check,,TD Bank #1291,,,,,,1471,2018-08-07T16:40:41.000Z
1068,Rental Contract,Emailed to Client,Paid In Full,,,,,,,,,1472,2018-08-07T17:02:45.000Z
1069,On Premise Contract,Emailed to Client,Not Paid,Cash,,,1150.00,,,,,1473,2018-08-07T17:18:08.000Z
1070,On Premise Contract,Emailed to Client,Not Paid,,,,,,,,,1141,2018-08-07T17:20:14.000Z
1071,Rental Contract,Emailed to Client,Paid In Full,Check,,Chase #0231,,,,,,1474,2018-08-07T17:46:43.000Z
1072,On Premise Contract,Emailed to Client,Not Paid,,,,,,,,,1475,2018-08-07T17:51:17.000Z
1073,Production Invoice,Not Sent,Not Paid,,,,725.00,,,,,1477,2018-08-07T18:07:19.000Z
1074,On Premise Contract,Emailed to Client,Paid In Full,Cash,,,100.00,,,,,1442,2018-08-07T19:07:54.000Z
1075,Rental Contract,Emailed to Client,Paid In Full,,,,,,,,,1478,2018-08-07T19:11:48.000Z
1076,Production Invoice,Emailed to Client,Paid In Full,Check,,8/13/2018,,,,,,1470,2018-08-14T16:59:29.000Z
1077,Production Invoice,Emailed to Client,Not Paid,,,,,,,,,1448,2018-08-14T17:05:34.000Z